date,icu,hdu,step_down,pediatric,others,male,female,u12,u40,u60,u80,plus80,chandigarh,punjab,haryana,himachal,other_states,cumulative_icu,cumulative_hdu,cumulative_step_down,cumulative_pediatric,cumulative_others,cumulative_male,cumulative_female,cumulative_u12,cumulative_u40,cumulative_u60,cumulative_u80,cumulative_plus80,cumulative_chandigarh,cumulative_punjab,cumulative_haryana,cumulative_himachal,cumulative_other_states,discharged,deaths
2020-05-16,2,0,0,0,78,39,41,16,41,18,5,0,78,2,0,0,0,7,0,0,0,129,73,63,21,69,37,9,0,121,11,3,0,1,51,9
2020-05-19,1,0,0,0,78,38,41,18,40,17,4,0,75,2,1,0,1,7,0,0,0,133,76,64,23,71,37,9,0,122,11,4,0,3,64,9
2020-05-19,1,0,0,0,78,38,41,18,40,17,4,0,75,2,1,0,1,7,0,0,0,133,76,64,23,71,37,9,0,122,11,4,0,3,64,9
2020-06-18,6,0,0,0,13,10,9,0,4,11,3,1,9,4,4,1,1,15,0,0,0,152,92,75,24,77,51,13,2,137,17,9,1,3,147,9
2020-07-18,18,0,0,0,45,38,25,2,21,19,20,1,24,24,8,2,5,47,0,0,0,241,164,124,29,125,87,43,4,197,57,18,3,13,233,21
2020-08-05,45,0,0,0,68,66,47,3,52,35,21,2,46,37,12,7,11,115,0,0,0,372,278,209,44,212,148,77,6,278,121,43,14,31,329,39
2020-10-29,11,0,0,0,78,48,41,5,29,35,17,3,23,33,12,13,8,228,0,0,0,1728,1163,793,174,760,630,356,36,709,661,270,167,149,1474,417
2020-11-25,15,0,0,0,89,69,35,6,38,34,26,0,37,30,16,8,13,257,0,0,0,2042,1372,927,206,890,727,436,40,811,784,322,201,181,1730,488
2021-05-19,58,172,14,4,76,213,111,29,84,130,79,2,79,110,68,25,42,1492,1556,1374,18,573,2996,2017,442,1840,1592,1061,78,1471,1838,816,462,421,3646,1031
2022-01-12,20,51,72,10,11,81,83,11,112,30,9,2,,,,,,,,,,,,,,,,,,,,,,,,
2022-01-15,15,94,76,17,2,107,97,19,125,38,21,1,80,58,32,19,14,2046,2666,1538,180,2327,5225,3532,632,3101,2877,1966,181,2109,3541,1494,881,720,5761,2162
2022-01-16,16,88,60,16,5,97,88,18,111,36,20,0,67,56,30,18,13,2049,2661,1538,180,2333,5228,3533,632,3103,2878,1968,180,2109,3543,1494,882,721,5781,2163
2022-01-17,15,71,35,17,11,79,70,19,83,29,18,0,47,48,26,17,10,2047,2668,1544,182,2337,5238,3540,634,3113,2879,1972,180,2114,3547,1494,887,724,5831,2169
2022-01-19,19,84,21,25,7,90,66,25,74,30,24,3,45,44,31,21,13,2053,2708,1549,194,2347,5282,3569,646,3146,2894,1982,183,2132,3570,1506,898,732,5877,2182
2022-01-20,18,99,17,28,10,104,68,28,79,32,30,3,42,55,36,23,14,2055,2731,1553,200,2349,5308,3580,652,3163,2898,1992,183,2139,3582,1515,902,737,5900,2187
2022-01-21,20,97,17,32,10,106,70,32,75,34,32,3,44,55,37,27,12,2063,2749,1554,209,2353,5329,3599,661,3178,2909,1997,183,2149,3596,1522,911,737,5918,2190
2022-01-22,19,89,16,28,13,107,58,29,69,33,31,3,38,48,32,28,17,2061,2758,1556,213,2360,5344,3604,667,3185,2914,1999,183,2153,3601,1526,914,741,5949,2195
2022-01-23,19,92,16,32,11,110,60,33,69,36,29,3,38,54,36,26,15,2063,2766,1559,219,2363,5358,3612,673,3194,2917,2002,184,2156,3608,1533,916,745,5964,2202
2022-01-24,16,87,12,23,11,96,53,23,63,34,24,5,30,45,36,24,13,2064,2773,1559,220,2366,5365,3617,674,3198,2922,2003,185,2156,3614,1536,917,747,5990,2205
2022-01-25,20,107,9,28,8,109,63,29,71,40,28,4,32,55,43,28,13,2069,2812,1559,226,2370,5395,3641,681,3224,2936,2010,185,2164,3638,1548,924,749,6016,2209
2022-01-27,20,103,7,35,16,110,71,37,70,46,26,2,29,63,44,28,16,2074,2836,1563,240,2385,5429,3669,696,3247,2949,2020,186,2171,3664,1561,933,756,6055,2218
2022-01-28,18,107,6,34,20,107,78,36,73,46,27,3,26,65,42,29,22,2074,2843,1563,250,2399,5447,3682,706,3261,2953,2023,186,2174,3674,1567,937,764,6072,2226
2022-01-30,15,94,7,37,19,93,79,39,68,37,24,4,29,57,43,26,17,2076,2853,1567,259,2412,5463,3704,716,3276,2963,2025,187,2184,3685,1577,941,767,6117,2235
2022-02-01,17,76,6,29,14,82,60,30,54,30,23,5,21,48,37,21,15,2085,2859,1570,266,2417,5483,3714,723,3284,2968,2034,188,2188,3695,1586,946,769,6161,2240
2022-02-02,21,78,6,34,11,81,69,36,53,35,22,4,22,48,41,24,15,2084,2875,1570,276,2425,5496,3734,733,3295,2977,2037,188,2191,3705,1599,949,773,6178,2245
2022-02-03,19,69,6,35,11,75,65,37,47,33,19,4,18,45,38,23,16,2086,2879,1570,281,2430,5505,3741,738,3299,2981,2039,189,2192,3711,1603,953,775,6198,2248
2022-02-04,20,62,2,29,12,72,53,31,38,33,19,4,10,43,37,18,17,2087,2882,1571,282,2440,5517,3745,739,3305,2985,2042,191,2194,3717,1609,953,777,6226,2251
2022-02-05,20,59,3,27,5,65,49,29,32,31,18,4,10,41,34,12,16,2088,2887,1572,287,2444,5523,3755,744,3311,2990,2042,191,2195,3722,1613,956,779,6235,2254
2022-02-06,17,54,3,28,6,62,46,29,29,28,18,4,11,34,33,12,17,2087,2887,1572,287,2449,5526,3756,744,3312,2990,2045,191,2196,3722,1614,958,779,6245,2259
2022-02-07,22,58,2,25,4,66,45,27,30,29,22,3,11,37,34,13,15,2092,2894,1572,292,2450,5541,3759,752,3316,2992,2049,191,2197,3730,1618,961,781,6256,2261
2022-02-08,17,51,0,16,6,57,33,18,26,24,20,2,12,31,23,10,13,2090,2900,1570,291,2457,5547,3761,753,3321,2993,2050,191,2199,3733,1620,961,782,6270,2265
2022-02-10,16,46,0,18,7,52,35,20,30,16,20,1,12,30,22,12,10,2094,2913,1570,294,2467,5563,3775,757,3332,2998,2060,191,2204,3747,1623,965,786,6290,2273
2022-02-11,14,39,0,19,6,48,30,22,29,11,15,1,9,31,17,11,9,2095,2913,1570,297,2472,5569,3778,761,3335,3000,2060,191,2205,3751,1625,965,788,6301,2275
2022-02-12,13,33,0,18,7,44,27,21,23,12,14,1,7,29,15,10,9,2096,2909,1570,297,2478,5571,3779,761,3336,3001,2061,191,2205,3753,1625,966,788,6307,2279
2022-02-13,11,20,0,17,10,35,23,19,16,10,13,0,6,24,11,9,7,2094,2905,1570,298,2487,5573,3781,762,3336,3002,2063,191,2206,3754,1625,968,788,6315,2283
2022-02-14,8,17,0,13,7,26,19,16,12,6,11,0,5,17,9,8,5,2092,2902,1570,298,2492,5573,3781,762,3336,3002,2063,191,2206,3754,1625,968,788,6324,2284
2022-02-15,9,13,0,12,8,24,18,15,13,5,9,0,3,16,8,9,5,2093,2901,1570,298,2496,5575,3783,762,3339,3003,2063,191,2206,3756,1625,970,788,6330,2287
2022-02-16,9,14,0,9,5,19,18,11,13,4,9,0,2,13,5,9,7,2093,2904,1570,298,2496,5576,3785,762,3340,3004,2064,191,2206,3757,1625,971,789,6342,2287
2022-02-17,9,14,0,8,3,18,16,9,11,5,9,0,2,14,5,7,5,2093,2905,1570,298,2497,5578,3785,762,3340,3005,2065,191,2206,3759,1625,971,789,6353,2289
2022-02-19,10,10,0,6,4,19,11,7,10,8,5,0,1,12,2,9,5,2094,2909,1570,298,2499,5583,3787,762,3342,3009,2066,191,2206,3763,1625,974,789,6369,2292
2022-02-20,9,9,0,5,2,16,9,5,8,8,4,0,1,10,2,9,2,2094,2910,1570,299,2498,5584,3787,763,3342,3009,2066,191,2206,3764,1625,974,789,6375,2293
2022-02-21,8,8,0,4,2,14,8,4,7,7,4,0,1,8,2,9,1,2093,2910,1570,298,2500,5584,3787,763,3342,3009,2066,191,2206,3764,1625,974,789,6378,2293
2022-02-22,9,7,0,3,1,15,5,3,5,8,4,0,1,7,1,7,3,2094,2911,1570,298,2501,5587,3787,763,3342,3011,2067,191,2206,3765,1625,974,791,6388,2295
2022-02-23,8,8,0,3,1,14,6,3,6,7,4,0,2,6,1,7,3,2094,2912,1570,298,2501,5587,3788,763,3343,3011,2067,191,2207,3765,1625,974,791,6390,2296
2022-02-24,8,8,0,4,1,14,7,4,6,7,4,0,0,0,0,0,0,2094,2912,1570,299,2501,5587,3789,764,3343,3011,2067,191,0,0,0,0,0,6395,2296
2022-02-26,4,6,0,5,2,11,6,5,5,6,1,0,1,6,1,4,5,2091,2912,1570,299,2506,5588,3790,764,3344,3012,2067,191,2207,3767,1625,974,792,6407,2298
2022-02-27,4,5,0,4,1,8,6,4,4,5,1,0,1,6,2,2,3,2091,2912,1570,299,2506,5588,3790,764,3344,3012,2067,191,2207,3767,1625,974,792,6410,2298
2022-02-28,4,5,0,4,1,8,6,4,4,5,1,0,1,6,2,2,3,2091,2912,1570,299,2506,5588,3790,764,3344,3012,2067,191,2207,3767,1625,974,792,6410,2298
2022-03-01,5,5,0,4,1,9,6,4,3,6,1,1,1,6,2,2,4,2092,2913,1570,299,2506,5589,3791,764,3344,3013,2067,192,2208,3767,1625,974,793,6414,2298
2022-03-02,5,4,0,3,0,8,4,3,2,6,1,0,0,5,2,1,4,2092,2913,1570,299,2506,5589,3791,764,3343,3014,2067,192,2208,3767,1625,974,793,6419,2299
2022-03-03,5,5,0,3,0,10,3,3,2,7,1,0,0,5,3,1,4,2092,2915,1570,299,2506,5591,3791,764,3344,3015,2067,192,2208,3768,1626,974,793,6422,2299
2022-03-04,4,5,0,2,0,9,2,2,2,6,1,0,0,4,2,1,4,2091,2915,1570,300,2507,5592,3791,765,3344,3015,2067,192,2208,3769,1626,974,793,6424,2300
2022-03-20,1,0,0,0,0,1,0,0,0,1,0,0,0,0,0,0,1,2095,2913,1570,300,2508,5593,3793,765,3344,3018,2067,192,2208,3771,1626,975,793,6452,2301
2022-03-21,1,0,0,0,0,1,0,0,0,1,0,0,0,0,0,0,1,2095,2913,1570,300,2508,5593,3793,765,3344,3018,2067,192,2208,3771,1626,975,793,6452,2301
2022-03-22,3,0,0,1,0,3,1,1,0,2,1,0,0,2,1,0,1,2097,2913,1570,301,2508,5595,3794,766,3344,3019,2068,192,2208,3773,1627,975,793,6452,2301
2022-03-24,4,0,0,1,0,4,1,1,1,2,1,0,0,3,1,0,1,2098,2913,1570,301,2508,5596,3794,766,3345,3019,2068,192,2208,3774,1627,975,793,6453,2301
2022-03-25,4,0,0,1,0,4,1,1,1,2,1,0,0,3,1,0,1,2098,2913,1570,301,2508,5596,3794,766,3345,3019,2068,192,2208,3774,1627,975,793,6454,2301
2022-03-26,4,0,0,1,0,4,1,1,1,2,1,0,0,3,1,0,1,2098,2913,1570,301,2508,5596,3794,766,3345,3019,2068,192,2208,3774,1627,975,793,6455,2301
2022-03-27,4,0,0,1,0,4,1,1,1,2,1,0,0,3,1,0,1,2098,2913,1570,301,2508,5596,3794,766,3345,3019,2068,192,2208,3774,1627,975,793,6455,2301
2022-03-28,4,0,0,1,0,4,1,1,1,2,1,0,0,3,1,0,1,2098,2913,1570,301,2508,5596,3794,766,3345,3019,2068,192,2208,3774,1627,975,793,6455,2301
2022-03-29,3,0,0,0,0,3,0,0,1,2,0,0,0,2,0,0,1,2098,2913,1570,301,2508,5596,3794,766,3345,3019,2068,192,2208,3774,1627,975,793,6456,2301
2022-03-31,2,0,0,0,0,2,0,0,1,1,0,0,0,1,0,0,1,2097,2914,1570,301,2508,5596,3794,766,3345,3019,2068,192,2208,3774,1627,975,793,6456,2302
2022-04-02,2,0,0,0,0,2,0,0,1,1,0,0,0,1,0,0,1,2097,2914,1570,301,2508,5596,3794,766,3345,3019,2068,192,2208,3774,1627,975,793,6458,2302
2022-04-04,2,0,0,0,0,2,0,0,1,1,0,0,0,1,0,0,1,2097,2914,1570,301,2508,5596,3794,766,3345,3019,2068,192,2208,3774,1627,975,793,6460,2302
2022-04-06,3,0,0,0,0,3,0,0,2,1,0,0,0,2,0,0,1,2098,2914,1570,301,2508,5597,3794,766,3346,3019,2068,192,2208,3775,1627,975,793,6463,2302
2022-04-07,3,0,0,0,0,3,0,0,2,1,0,0,0,2,0,0,1,2098,2914,1570,301,2508,5597,3794,766,3346,3019,2068,192,2208,3775,1627,975,793,6463,2302
2022-04-08,2,0,0,0,0,2,0,0,2,0,0,0,0,2,0,0,0,2098,2914,1570,301,2508,5597,3794,766,3346,3019,2068,192,2208,3775,1627,975,793,6463,2303
2022-04-09,2,0,0,0,0,2,0,0,2,0,0,0,0,2,0,0,0,2098,2914,1570,301,2508,5597,3794,766,3346,3019,2068,192,2208,3775,1627,975,793,6463,2303
2022-04-10,2,0,0,0,0,2,0,0,2,0,0,0,0,2,0,0,0,2098,2914,1570,301,2508,5597,3794,766,3346,3019,2068,192,2208,3775,1627,975,793,6463,2303
2022-04-11,2,0,0,1,0,3,0,1,2,0,0,0,0,2,1,0,0,2098,2914,1570,301,2508,5597,3794,766,3346,3019,2068,192,2208,3775,1627,975,793,6463,2303
2022-04-12,4,0,0,1,0,5,0,1,2,2,0,0,0,2,3,0,0,2100,2914,1570,301,2508,5599,3794,766,3346,3021,2068,192,2208,3775,1629,975,793,6463,2303
2022-04-13,4,0,0,0,0,4,0,0,2,2,0,0,0,2,2,0,0,2100,2914,1570,301,2508,5599,3794,766,3346,3021,2068,192,2208,3775,1629,975,793,6463,2303
2022-04-14,3,0,0,0,0,3,0,0,1,2,0,0,0,1,2,0,0,2100,2914,1570,301,2508,5599,3794,766,3346,3021,2068,192,2208,3775,1629,975,793,6464,2303
2022-04-15,3,0,0,0,0,3,0,0,1,2,0,0,0,1,2,0,0,2100,2914,1570,301,2508,5599,3794,766,3346,3021,2068,192,2208,3775,1629,975,793,6464,2303
2022-04-17,3,0,0,0,0,3,0,0,1,2,0,0,0,1,2,0,0,2100,2914,1570,301,2508,5599,3794,766,3346,3021,2068,192,2208,3775,1629,975,793,6464,2303
2022-04-18,3,0,0,0,0,3,0,0,1,2,0,0,0,1,2,0,0,2100,2914,1570,301,2508,5599,3794,766,3346,3021,2068,192,2208,3775,1629,975,793,6464,2303
2022-04-19,3,0,0,0,0,3,0,0,1,2,0,0,0,1,2,0,0,2100,2914,1570,301,2508,5599,3794,766,3346,3021,2068,192,2208,3775,1629,975,793,6464,2303
2022-04-20,2,0,0,0,0,2,0,0,1,1,0,0,0,1,1,0,0,2100,2914,1570,301,2508,5599,3794,766,3346,3021,2068,192,2208,3775,1629,975,793,6464,2304
2022-04-21,2,0,0,1,0,3,0,1,1,1,0,0,0,1,2,0,0,2100,2914,1570,301,2508,5599,3794,766,3346,3021,2068,192,2208,3775,1629,975,793,6464,2304
2022-04-23,3,0,0,1,0,3,1,1,2,1,0,0,0,2,2,0,0,2102,2914,1570,301,2508,5599,3796,766,3347,3021,2069,192,2208,3777,1629,975,793,6464,2305
2022-04-24,2,0,0,1,0,2,1,1,2,0,0,0,0,2,1,0,0,2102,2914,1570,301,2508,5599,3796,766,3347,3021,2069,192,2208,3777,1629,975,793,6465,2305
2022-04-25,2,0,0,1,0,2,1,1,2,0,0,0,0,2,1,0,0,2102,2914,1570,301,2508,5599,3796,766,3347,3021,2069,192,2208,3777,1629,975,793,6465,2305
2022-04-26,1,0,0,0,0,0,1,0,1,0,0,0,0,1,0,0,0,2102,2914,1570,301,2508,5599,3796,766,3347,3021,2069,192,2208,3777,1629,975,793,6467,2305
2022-04-27,1,0,0,0,0,0,1,0,1,0,0,0,0,1,0,0,0,2102,2914,1570,301,2508,5599,3796,766,3347,3021,2069,192,2208,3777,1629,975,793,6467,2305
2022-04-28,1,0,0,0,0,0,1,0,1,0,0,0,0,1,0,0,0,2102,2914,1570,301,2508,5599,3796,766,3347,3021,2069,192,2208,3777,1629,975,793,6467,2305
2022-04-29,1,0,0,0,0,0,1,0,1,0,0,0,0,1,0,0,0,2102,2914,1570,301,2508,5599,3796,766,3347,3021,2069,192,2208,3777,1629,975,793,6468,2305
2022-04-30,0,0,0,0,0,0,0,0,0,0,0,0,0,0,0,0,0,2102,2914,1570,301,2508,5599,3796,766,3347,3021,2069,192,2208,3777,1629,975,793,6469,2305
2022-05-01,0,0,0,0,0,0,0,0,0,0,0,0,0,0,0,0,0,2102,2914,1570,301,2508,5599,3796,766,3347,3021,2069,192,2208,3777,1629,975,793,6469,2305
2022-05-02,0,0,0,0,0,0,0,0,0,0,0,0,0,0,0,0,0,2102,2914,1570,301,2508,5599,3796,766,3347,3021,2069,192,2208,3777,1629,975,793,6469,2305
2022-05-03,2,0,0,0,0,1,1,0,0,1,1,0,1,1,0,0,0,2104,2914,1570,301,2508,5600,3797,766,3347,3022,2070,192,2209,3778,1629,975,793,6469,2305
2022-05-04,2,0,0,0,0,1,1,0,0,1,1,0,1,1,0,0,0,2104,2914,1570,301,2508,5600,3797,766,3347,3022,2070,192,2209,3778,1629,975,793,6469,2305
2022-05-05,2,0,0,0,0,1,1,0,0,1,1,0,1,1,0,0,0,2104,2914,1570,301,2508,5600,3797,766,3347,3022,2070,192,2209,3778,1629,975,793,6469,2305
2022-05-07,2,0,0,0,0,1,1,0,0,1,1,0,1,1,0,0,0,2104,2914,1570,301,2508,5600,3797,766,3347,3022,2070,192,2209,3778,1629,975,793,6469,2305
2022-05-08,2,0,0,0,0,1,1,0,0,1,1,0,1,1,0,0,0,2104,2914,1570,301,2508,5600,3797,766,3347,3022,2070,192,2209,3778,1629,975,793,6469,2305
2022-05-09,1,0,0,0,0,1,0,0,1,0,0,0,0,1,0,0,0,2104,2914,1570,301,2509,5601,3797,766,3348,3022,2070,192,2209,3779,1629,975,793,6470,2305
2022-05-10,1,0,0,0,0,1,0,0,1,0,0,0,0,1,0,0,0,2104,2914,1570,301,2509,5601,3797,766,3348,3022,2070,192,2209,3779,1629,975,793,6471,2305
2022-05-11,1,0,0,0,0,1,0,0,1,0,0,0,0,1,0,0,0,2104,2914,1570,301,2509,5601,3797,766,3348,3022,2070,192,2209,3779,1629,975,793,6471,2305
2022-05-13,1,0,0,0,0,1,0,0,1,0,0,0,0,1,0,0,0,2104,2914,1570,301,2509,5601,3797,766,3348,3022,2070,192,2209,3779,1629,975,793,6471,2305
2022-05-14,1,0,0,0,0,1,0,0,1,0,0,0,0,1,0,0,0,2104,2914,1570,301,2509,5601,3797,766,3348,3022,2070,192,2209,3779,1629,975,793,6471,2305
2022-05-15,1,0,0,0,0,1,0,0,1,0,0,0,0,1,0,0,0,2104,2914,1570,301,2509,5601,3797,766,3348,3022,2070,192,2209,3779,1629,975,793,6471,2305
2022-05-22,2,0,0,0,0,0,2,0,1,0,0,1,2,0,0,0,0,2106,2914,1570,301,2509,5601,3799,766,3349,3022,2070,193,2211,3779,1629,975,793,6473,2305
2022-05-24,3,0,0,0,0,0,3,0,2,0,0,1,2,1,0,0,0,2108,2914,1570,301,2509,5601,3801,766,3351,3022,2070,193,2212,3780,1629,975,793,6474,2305
2022-05-25,3,0,0,0,0,0,3,0,2,0,0,1,2,1,0,0,0,2108,2914,1570,301,2509,5601,3801,766,3351,3022,2070,193,2212,3780,1629,975,793,6474,2305
2022-05-27,5,0,0,0,0,1,4,0,2,0,2,1,2,2,0,1,0,2110,2914,1570,301,2509,5602,3802,766,3351,3022,2072,193,2212,3781,1629,976,793,6474,2305
2022-05-30,3,0,0,0,0,1,2,0,0,0,3,0,0,1,1,1,0,2109,2915,1570,301,2510,5602,3803,766,3351,3022,2073,193,2212,3781,1630,976,793,6475,2305
2022-05-31,4,0,0,0,0,2,2,0,0,0,4,0,0,2,1,1,0,2110,2914,1570,301,2511,5603,3803,766,3351,3022,2074,193,2212,3782,1630,976,793,6475,2305
2022-06-01,4,0,0,0,0,2,2,0,0,0,4,0,0,2,1,1,0,2110,2914,1570,301,2511,5603,3803,766,3351,3022,2074,193,2212,3782,1630,976,793,6475,2305
2022-06-02,4,0,0,0,1,2,3,0,0,1,4,0,0,2,2,1,0,2110,2914,1570,301,2512,5603,3804,766,3351,3023,2074,193,2212,3782,1631,976,793,6475,2305
2022-06-03,5,0,0,0,0,2,3,0,0,2,3,0,0,2,2,0,1,2111,2914,1570,301,2512,5603,3805,766,3351,3024,2074,193,2212,3782,1631,976,794,6476,2305
2022-06-04,5,0,0,0,0,2,3,0,0,2,3,0,0,2,2,0,1,2111,2914,1570,301,2512,5603,3805,766,3351,3024,2074,193,2212,3782,1631,976,794,6476,2305
2022-06-05,4,0,0,0,0,1,3,0,0,2,2,0,0,1,2,0,1,2111,2914,1570,301,2512,5603,3805,766,3351,3024,2074,193,2212,3782,1631,976,794,6477,2305
2022-06-10,4,0,0,0,0,2,2,0,0,1,3,0,0,2,2,0,0,2112,2914,1570,301,2512,5604,3805,766,3351,3024,2075,193,2212,3783,1631,976,794,6478,2306
2022-06-14,5,1,0,0,2,2,6,0,5,1,2,0,1,2,4,1,0,2115,2915,1570,301,2514,5605,3810,766,3356,3024,2076,193,2213,3784,1633,978,794,6479,2308
2022-06-15,5,1,0,0,2,2,6,0,5,1,1,1,1,2,4,1,0,2115,2916,1570,301,2514,5606,3810,766,3356,3024,2076,194,2213,3785,1633,978,794,6479,2308
2022-06-16,6,1,0,0,2,3,6,0,6,1,1,1,1,2,4,1,1,2116,2916,1570,301,2514,5607,3810,766,3357,3024,2076,194,2213,3785,1633,978,795,6479,2308
2022-06-17,6,0,0,0,2,3,5,0,5,1,1,1,1,2,3,1,1,2116,2916,1570,301,2514,5607,3810,766,3357,3024,2076,194,2213,3785,1633,978,795,6480,2308
2022-06-18,4,0,0,0,2,1,5,0,4,1,1,0,1,0,3,1,1,2116,2916,1570,301,2514,5607,3810,766,3357,3024,2076,194,2213,3785,1633,978,795,6482,2308
2022-06-19,2,0,0,0,3,1,4,0,3,1,1,0,2,0,2,1,0,2115,2917,1570,301,2515,5608,3810,766,3357,3024,2077,194,2214,3785,1633,978,795,6483,2308
2022-06-20,2,0,0,0,3,1,4,0,3,1,1,0,2,0,2,1,0,2115,2917,1570,301,2515,5608,3810,766,3357,3024,2077,194,2214,3785,1633,978,795,6483,2308
2022-06-21,4,0,0,0,1,2,3,0,2,1,2,0,2,0,2,1,0,2117,2917,1570,301,2515,5609,3811,766,3358,3024,2078,194,2215,3785,1634,978,795,6484,2308
2022-06-24,6,0,0,0,1,1,6,0,4,2,1,0,1,0,4,1,1,2119,2917,1570,301,2515,5609,3813,766,3359,3025,2078,194,2215,3785,1635,978,796,6486,2308
2022-06-25,6,0,0,0,1,1,6,0,4,2,0,1,0,1,4,1,1,2120,2917,1570,301,2515,5610,3813,766,3359,3025,2078,195,2215,3786,1635,978,796,6487,2308
2022-06-26,5,1,0,0,0,2,4,0,2,2,0,2,1,1,3,0,1,2120,2918,1570,301,2515,5611,3813,766,3359,3025,2078,196,2216,3786,1635,978,796,6488,2308
2022-06-27,6,0,0,0,0,3,3,0,2,1,0,3,2,1,3,0,0,2121,2919,1570,301,2515,5612,3814,766,3360,3025,2078,197,2217,3786,1636,978,796,6489,2308
2022-06-28,5,0,0,0,0,3,2,0,1,1,0,3,2,1,2,0,0,2121,2920,1570,301,2515,5613,3814,766,3360,3025,2078,198,2218,3786,1636,978,796,6489,2308
2022-06-29,5,0,0,0,1,4,2,0,1,1,0,4,3,1,2,0,0,2120,2920,1570,301,2516,5613,3814,766,3360,3025,2078,198,2218,3786,1636,978,796,6489,2308
2022-06-30,4,3,0,0,0,3,4,0,4,0,0,3,3,2,1,0,1,2121,2923,1570,301,2516,5614,3817,766,3363,3025,2079,198,2218,3788,1636,979,797,6489,2310
2022-07-02,6,2,0,0,0,4,4,0,5,1,0,2,4,1,1,0,2,2124,2923,1570,301,2516,5616,3818,766,3365,3026,2079,198,2220,3788,1636,979,798,6490,2311
2022-07-03,7,2,0,0,0,4,5,0,5,1,1,2,5,1,1,0,2,2125,2923,1570,301,2516,5616,3819,766,3365,3026,2080,198,2221,3788,1636,979,798,6491,2311
2022-07-04,8,2,0,0,0,4,6,0,5,2,1,2,5,1,1,1,2,2126,2923,1570,301,2516,5616,3820,766,3365,3027,2080,198,2221,3788,1636,980,798,6492,2311
2022-07-05,7,2,0,0,0,4,5,0,5,2,1,1,4,1,1,1,2,2126,2923,1570,301,2516,5616,3820,766,3365,3027,2080,198,2221,3788,1636,980,798,6493,2311
2022-07-08,8,1,0,0,1,6,4,0,3,3,3,1,3,3,0,3,1,2130,2922,1570,301,2518,5621,3820,766,3366,3029,2082,198,2222,3790,1636,982,798,6496,2312
2022-07-09,9,0,0,0,2,7,4,0,3,5,2,1,2,3,1,3,2,2132,2921,1570,301,2519,5622,3821,766,3366,3031,2082,198,2222,3790,1637,982,799,6497,2312
2022-07-12,8,0,0,0,1,5,4,0,2,5,2,0,0,2,1,4,2,2133,2920,1570,301,2520,5622,3822,766,3367,3031,2082,198,2222,3790,1637,983,799,6502,2312
2022-07-13,7,0,0,0,1,3,5,0,2,3,3,0,0,1,1,4,2,2133,2920,1570,301,2521,5622,3823,766,3367,3031,2083,198,2222,3790,1637,984,799,6503,2312
2022-07-15,6,0,0,0,1,2,5,0,3,2,2,0,0,0,0,5,2,2134,2922,1570,301,2520,5623,3824,766,3368,3032,2083,198,2222,3790,1637,985,800,6504,2313
2022-07-16,10,1,0,0,1,3,9,0,4,5,3,0,0,0,2,6,4,2139,2922,1570,301,2520,5623,3829,766,3370,3034,2084,198,2222,3791,1639,986,801,6505,2314
2022-07-18,8,0,0,0,0,2,6,0,3,4,1,0,1,0,2,5,0,2139,2922,1570,301,2521,5624,3829,766,3370,3035,2084,198,2223,3791,1639,986,801,6508,2316
2022-07-19,8,0,0,0,0,3,5,0,2,5,1,0,1,0,2,5,0,2142,2922,1570,301,2521,5626,3830,766,3370,3037,2085,198,2223,3791,1639,989,801,6510,2316
2022-07-20,10,1,0,0,0,6,5,0,2,6,3,0,1,2,2,6,0,2143,2923,1570,301,2521,5628,3830,766,3370,3038,2086,198,2223,3793,1639,989,801,6510,2316
2022-07-21,10,0,0,1,1,7,5,1,2,6,3,0,1,3,2,6,0,2143,2922,1570,302,2522,5629,3830,767,3370,3038,2086,198,2223,3794,1639,989,801,6510,2316
2022-07-24,10,0,0,0,0,6,4,0,1,7,1,1,3,4,1,2,0,2147,2923,1570,302,2522,5631,3833,767,3371,3040,2087,199,2225,3797,1639,989,801,6514,2317
2022-07-26,8,1,0,0,0,6,3,0,4,3,1,1,2,4,1,1,1,2147,2924,1570,302,2524,5633,3834,767,3374,3040,2087,199,2225,3798,1640,989,802,6515,2318
2022-07-27,9,1,0,0,0,7,3,0,5,3,1,1,3,4,1,1,1,2148,2925,1570,302,2523,5634,3834,767,3375,3040,2087,199,2226,3798,1640,989,802,6515,2318
2022-07-31,8,2,0,0,1,5,6,0,6,5,0,0,3,4,2,1,1,2151,2929,1570,302,2525,5635,3842,767,3381,3042,2088,199,2230,3800,1643,989,802,6522,2320
2022-08-01,8,2,0,0,1,5,6,0,6,5,0,0,3,4,2,1,1,2151,2929,1570,302,2525,5635,3842,767,3381,3042,2088,199,2230,3800,1643,989,802,6522,2320
2022-08-02,13,5,0,0,1,9,10,0,10,6,3,0,5,5,4,3,2,2156,2932,1570,302,2525,5639,3846,767,3385,3043,2091,199,2232,3801,1645,991,803,6522,2320
2022-08-03,15,4,0,0,1,10,10,0,10,6,4,0,3,6,4,5,2,2159,2933,1570,302,2525,5641,3848,767,3386,3045,2092,199,2232,3802,1646,993,803,6524,2321
2022-08-04,16,3,0,0,2,11,10,0,9,7,5,0,3,6,4,5,3,2163,2934,1570,302,2526,5644,3851,767,3390,3046,2093,199,2233,3803,1648,993,805,6527,2323
2022-08-06,17,3,0,1,1,12,10,1,9,7,5,0,3,4,6,4,5,2167,2933,1570,303,2527,5648,3852,768,3391,3048,2094,199,2233,3803,1650,994,807,6531,2324
2022-08-07,15,4,0,1,1,12,9,1,8,6,6,0,2,6,4,5,4,2168,2935,1570,303,2529,5650,3855,768,3394,3048,2096,199,2233,3805,1651,995,808,6534,2324
2022-08-10,10,1,0,1,2,8,6,1,7,2,4,0,0,6,2,2,4,2166,2935,1570,303,2536,5653,3857,768,3397,3048,2098,199,2233,3808,1652,995,809,6536,2328
2022-08-13,14,2,0,1,1,10,8,1,9,3,5,0,2,9,3,2,2,2171,2938,1570,304,2539,5657,3865,769,3404,3050,2100,199,2235,3814,1654,996,810,6540,2329
2022-08-14,13,2,0,1,1,11,6,1,7,4,5,0,1,10,2,2,2,2171,2939,1570,304,2539,5658,3865,769,3404,3051,2100,199,2235,3815,1654,996,810,6543,2329
2022-08-16,10,1,0,0,0,8,3,0,5,3,3,0,0,7,2,1,1,2171,2939,1570,304,2539,5658,3865,769,3404,3051,2100,199,2235,3815,1654,996,810,6548,2331
2022-08-17,10,3,0,0,0,5,8,0,5,6,2,0,1,9,2,1,0,2173,2941,1570,304,2540,5659,3869,769,3405,3055,2100,199,2235,3818,1656,996,810,6551,2331
2022-08-18,9,3,0,0,0,5,7,0,6,5,1,0,1,8,2,1,0,2173,2942,1570,304,2540,5660,3869,769,3406,3055,2100,199,2235,3819,1656,996,810,6554,2331
2022-08-19,6,7,0,0,1,4,10,0,7,6,1,0,2,7,4,1,0,2171,2946,1570,304,2541,5660,3872,769,3408,3056,2100,199,2236,3819,1658,996,810,6557,2331
2022-08-20,7,5,0,0,1,5,8,0,7,6,0,0,1,6,5,0,1,2172,2946,1570,304,2542,5662,3872,769,3409,3057,2100,199,2236,3819,1659,996,811,6558,2331
2022-08-21,11,2,0,0,0,8,5,0,5,7,1,0,2,5,3,2,1,2177,2946,1570,304,2541,5665,3873,769,3410,3059,2101,199,2237,3819,1660,998,811,6562,2333
2022-08-23,15,2,0,0,0,14,3,0,5,9,2,1,4,6,5,2,0,2184,2947,1570,304,2541,5673,3873,769,3412,3062,2103,200,2239,3821,1663,999,811,6564,2335
2022-08-24,15,2,0,0,0,15,2,0,6,9,1,1,4,5,5,2,1,2183,2948,1570,304,2542,5674,3873,769,3412,3063,2103,200,2240,3821,1663,999,811,6566,2335
2022-08-25,15,3,0,1,1,16,4,1,7,10,1,1,4,5,7,2,2,2184,2949,1570,304,2543,5675,3875,769,3414,3064,2103,200,2240,3822,1664,999,812,6567,2335
2022-08-26,14,2,0,1,0,14,3,1,5,9,2,0,3,3,6,2,2,2185,2949,1570,304,2543,5676,3875,769,3414,3064,2104,200,2240,3822,1664,999,812,6570,2335
2022-08-27,13,2,0,1,0,13,3,1,5,9,1,0,2,5,6,1,2,2186,2950,1570,304,2543,5678,3875,769,3414,3066,2104,200,2240,3824,1664,999,812,6572,2336
2022-08-28,10,0,0,1,1,10,2,1,3,7,1,0,0,4,5,1,2,2186,2948,1570,304,2546,5679,3875,769,3415,3066,2104,200,2240,3825,1664,999,812,6575,2337
2022-08-29,10,0,0,1,1,10,2,1,3,7,1,0,0,4,5,1,2,2185,2948,1570,304,2547,5679,3875,769,3415,3066,2104,200,2240,3825,1664,999,812,6575,2337
2022-08-30,11,0,0,1,1,11,2,1,3,6,2,1,1,5,4,1,2,2187,2948,1570,304,2548,5682,3875,769,3416,3066,2105,201,2241,3826,1664,999,813,6575,2338
2022-08-31,10,0,0,1,1,9,3,1,3,5,2,1,1,4,5,0,2,2187,2948,1570,304,2549,5682,3876,769,3416,3067,2105,201,2241,3826,1665,999,813,6576,2339
2022-09-02,7,0,0,0,1,5,3,0,1,4,2,1,1,3,3,0,1,2186,2949,1570,304,2549,5682,3876,769,3416,3067,2105,201,2241,3826,1665,999,813,6578,2339
2022-09-03,6,1,0,0,1,4,4,0,1,4,2,1,1,3,4,0,0,2187,2950,1570,304,2549,5683,3877,769,3417,3067,2106,201,2241,3826,1666,1000,813,6580,2339
2022-09-04,4,1,0,0,1,3,3,0,1,2,2,1,0,2,3,1,0,2187,2950,1570,304,2549,5683,3877,769,3417,3067,2106,201,2241,3826,1666,1000,813,6584,2340
2022-09-06,4,1,0,0,0,3,2,0,1,1,2,1,0,2,2,1,0,2186,2951,1570,304,2549,5683,3877,769,3417,3067,2106,201,2241,3826,1666,1000,813,6586,2340
2022-09-07,3,1,0,0,0,2,2,0,1,1,2,0,0,1,2,1,0,2186,2951,1570,304,2549,5683,3877,769,3417,3067,2106,201,2241,3826,1666,1000,813,6588,2341
2022-09-10,4,0,0,0,0,2,2,0,1,1,2,0,1,1,1,0,1,2188,2952,1570,304,2549,5684,3879,769,3418,3068,2107,201,2242,3826,1667,1000,814,6591,2342
2022-09-11,4,0,0,0,0,2,2,0,1,1,2,0,1,1,1,0,1,2188,2952,1570,304,2549,5684,3879,769,3418,3068,2107,201,2242,3826,1667,1000,814,6592,2342
2022-09-12,4,0,0,0,0,2,2,0,1,1,2,0,1,1,1,0,1,2188,2952,1570,304,2549,5684,3879,769,3418,3068,2107,201,2242,3826,1667,1000,814,6592,2342
2022-09-13,5,0,0,0,0,3,2,0,2,1,2,0,1,1,1,0,2,2188,2953,1570,304,2549,5685,3879,769,3418,3069,2107,201,2242,3827,1667,1000,814,6592,2342
2022-09-14,4,1,0,0,0,4,1,0,1,2,2,0,0,2,1,0,2,2188,2953,1570,304,2549,5685,3879,769,3418,3069,2107,201,2242,3827,1667,1000,814,6593,2342
2022-09-15,4,1,0,0,0,4,1,0,1,2,2,0,0,2,1,0,2,2188,2953,1570,304,2549,5685,3879,769,3418,3069,2107,201,2242,3827,1667,1000,814,6593,2342
2022-09-17,4,3,0,0,0,3,4,0,4,1,2,0,1,1,2,1,2,2188,2957,1570,304,2549,5685,3883,769,3422,3069,2107,201,2243,3827,1669,1001,814,6596,2342
2022-09-18,4,3,0,0,0,3,4,0,4,1,2,0,1,1,2,1,2,2188,2957,1570,304,2549,5685,3883,769,3422,3069,2107,201,2243,3827,1669,1001,814,6596,2342
2022-09-19,4,3,0,0,0,3,4,0,4,1,2,0,1,1,2,1,2,2188,2957,1570,304,2549,5685,3883,769,3422,3069,2107,201,2243,3827,1669,1001,814,6597,2342
2022-09-20,3,2,0,0,0,2,3,0,3,0,2,0,0,1,2,1,1,2188,2957,1570,304,2549,5685,3883,769,3422,3069,2107,201,2243,3827,1669,1001,814,6598,2343
2022-09-21,2,1,0,0,0,2,1,0,2,0,1,0,0,1,1,0,1,2187,2958,1570,304,2549,5685,3883,769,3422,3069,2107,201,2243,3827,1669,1001,814,6599,2343
2022-09-22,4,0,0,0,0,4,0,0,1,1,2,0,0,2,1,0,1,2189,2958,1570,304,2549,5687,3883,769,3422,3070,2108,201,2243,3828,1670,1001,814,6600,2343
2022-09-23,4,0,0,0,1,4,1,0,2,1,2,0,0,2,2,0,1,2189,2957,1570,304,2550,5687,3883,769,3422,3070,2108,201,2243,3828,1670,1001,814,6600,2343
2022-09-24,4,0,0,0,1,4,1,0,2,1,2,0,0,2,2,0,1,2189,2957,1570,304,2550,5687,3883,769,3422,3070,2108,201,2243,3828,1670,1001,814,6600,2343
2022-09-25,4,0,0,0,1,4,1,0,2,1,2,0,0,2,2,0,1,2189,2957,1570,304,2550,5687,3883,769,3422,3070,2108,201,2243,3828,1670,1001,814,6600,2343
2022-09-26,6,0,0,0,1,6,1,0,3,1,3,0,1,2,2,1,1,2191,2957,1570,304,2550,5689,3883,769,3423,3070,2109,201,2244,3828,1670,1002,814,6601,2343
2022-09-29,4,0,0,0,0,4,0,0,1,0,3,0,1,2,0,1,0,2190,2957,1570,304,2551,5689,3883,769,3423,3070,2109,201,2244,3828,1670,1002,814,6601,2344
2022-10-01,3,0,0,0,0,3,0,0,1,0,2,0,1,1,0,1,0,2190,2957,1570,304,2551,5689,3883,769,3423,3070,2109,201,2244,3828,1670,1002,814,6603,2344
2022-10-02,3,0,0,0,0,3,0,0,1,0,2,0,1,1,0,1,0,2190,2957,1570,304,2551,5689,3883,769,3423,3070,2109,201,2244,3828,1670,1002,814,6603,2344
2022-10-04,3,0,0,0,0,3,0,0,1,0,2,0,1,1,0,1,0,2190,2957,1570,304,2551,5689,3883,769,3423,3070,2109,201,2244,3828,1670,1002,814,6603,2346
2022-10-06,1,0,0,0,0,1,0,0,0,0,1,0,0,0,0,1,0,2189,2958,1570,304,2551,5689,3883,769,3423,3070,2109,201,2244,3828,1670,1002,814,6605,2347
2022-10-07,0,3,0,0,0,2,1,0,0,2,1,0,0,0,2,1,0,2188,2960,1570,304,2551,5689,3884,769,3423,3071,2109,201,2244,3828,1671,1002,814,6605,2347
2022-10-08,0,3,0,0,0,2,1,0,0,2,1,0,0,0,2,1,0,2188,2960,1570,304,2551,5689,3884,769,3423,3071,2109,201,2244,3828,1671,1002,814,6605,2347
2022-10-09,0,2,0,0,0,1,1,0,0,2,0,0,0,0,2,0,0,2188,2960,1570,304,2551,5689,3884,769,3423,3071,2109,201,2244,3828,1671,1002,814,6606,2347
2022-10-11,0,2,0,0,0,1,1,0,0,2,0,0,0,0,2,0,0,2188,2960,1570,304,2551,5689,3884,769,3423,3071,2109,201,2244,3828,1671,1002,814,6606,2347
2022-10-13,0,1,0,0,1,1,1,0,1,1,0,0,1,0,1,0,0,2188,2961,1570,304,2551,5689,3885,769,3424,3071,2109,201,2245,3828,1671,1002,814,6606,2347
2022-10-14,0,0,0,0,0,0,0,0,0,0,0,0,0,0,0,0,0,2188,2961,1570,304,2551,5689,3885,769,3424,3071,2109,201,2245,3828,1671,1002,814,6607,2347
2022-10-15,0,1,0,0,0,0,1,0,0,1,0,0,0,0,1,0,0,2188,2962,1570,304,2551,5689,3886,769,3424,3072,2109,201,2245,3828,1672,1002,814,6607,2347
2022-10-16,0,0,0,0,0,0,0,0,0,0,0,0,0,0,0,0,0,2188,2962,1570,304,2551,5689,3886,769,3424,3072,2109,201,2245,3828,1672,1002,814,6607,2347
2022-10-17,0,0,0,0,0,0,0,0,0,0,0,0,0,0,0,0,0,2188,2962,1570,304,2551,5689,3886,769,3424,3072,2109,201,2245,3828,1672,1002,814,6607,2347
2022-10-18,0,0,0,0,0,0,0,0,0,0,0,0,0,0,0,0,0,2188,2962,1570,304,2551,5689,3886,769,3424,3072,2109,201,2245,3828,1672,1002,814,6607,2347
2022-10-20,0,0,0,0,0,0,0,0,0,0,0,0,0,0,0,0,0,2188,2963,1570,304,2551,5690,3886,769,3425,3072,2109,201,2245,3829,1672,1002,814,6609,2347
2022-10-21,0,0,0,0,0,0,0,0,0,0,0,0,0,0,0,0,0,2188,2963,1570,304,2551,5690,3886,769,3425,3072,2109,201,2245,3829,1672,1002,814,6609,2347
2022-10-24,0,0,0,0,0,0,0,0,0,0,0,0,0,0,0,0,0,2188,2963,1570,304,2551,5690,3886,769,3425,3072,2109,201,2245,3829,1672,1002,814,6609,2348
2022-10-25,0,1,0,0,0,1,0,0,0,1,0,0,0,1,0,0,0,2188,2964,1570,304,2551,5691,3886,769,3425,3073,2109,201,2245,3830,1672,1002,814,6609,2348
2022-10-26,0,0,0,0,0,0,0,0,0,0,0,0,0,0,0,0,0,2188,2964,1570,304,2551,5691,3886,769,3425,3073,2109,201,2245,3830,1672,1002,814,6610,2348
2022-10-27,0,0,0,0,0,0,0,0,0,0,0,0,0,0,0,0,0,2188,2964,1570,304,2551,5691,3886,769,3425,3073,2109,201,2245,3830,1672,1002,814,6610,2348
2022-10-28,0,0,0,0,0,0,0,0,0,0,0,0,0,0,0,0,0,2188,2964,1570,304,2551,5691,3886,769,3425,3073,2109,201,2245,3830,1672,1002,814,6610,2348
2022-10-29,0,0,0,0,0,0,0,0,0,0,0,0,0,0,0,0,0,2188,2964,1570,304,2551,5691,3886,769,3425,3073,2109,201,2245,3830,1672,1002,814,6610,2348
2022-10-30,0,0,0,0,0,0,0,0,0,0,0,0,0,0,0,0,0,2188,2964,1570,304,2551,5691,3886,769,3425,3073,2109,201,2245,3830,1672,1002,814,6610,2348
2022-10-31,0,0,0,0,0,0,0,0,0,0,0,0,0,0,0,0,0,2188,2964,1570,304,2551,5691,3886,769,3425,3073,2109,201,2245,3830,1672,1002,814,6610,2348
2022-11-01,0,0,0,0,0,0,0,0,0,0,0,0,0,0,0,0,0,2188,2964,1570,304,2551,5691,3886,769,3425,3073,2109,201,2245,3830,1672,1002,814,6610,2348
2022-11-02,0,0,0,0,0,0,0,0,0,0,0,0,0,0,0,0,0,2188,2964,1570,304,2551,5691,3886,769,3425,3073,2109,201,2245,3830,1672,1002,814,6610,2348
2022-11-03,0,0,0,0,0,0,0,0,0,0,0,0,0,0,0,0,0,2188,2964,1570,304,2551,5691,3886,769,3425,3073,2109,201,2245,3830,1672,1002,814,6610,2348
2022-11-04,0,0,0,0,0,0,0,0,0,0,0,0,0,0,0,0,0,2188,2964,1570,304,2551,5691,3886,769,3425,3073,2109,201,2245,3830,1672,1002,814,6610,2348
2022-11-05,0,0,0,0,0,0,0,0,0,0,0,0,0,0,0,0,0,2188,2964,1570,304,2551,5691,3886,769,3425,3073,2109,201,2245,3830,1672,1002,814,6610,2348
2022-11-06,0,0,0,0,0,0,0,0,0,0,0,0,0,0,0,0,0,2188,2964,1570,304,2551,5691,3886,769,3425,3073,2109,201,2245,3830,1672,1002,814,6610,2348
2022-11-07,0,0,0,0,0,0,0,0,0,0,0,0,0,0,0,0,0,2188,2964,1570,304,2551,5691,3886,769,3425,3073,2109,201,2245,3830,1672,1002,814,6610,2348
2022-11-09,0,0,0,0,0,0,0,0,0,0,0,0,0,0,0,0,0,2188,2964,1570,304,2551,5691,3886,769,3425,3073,2109,201,2245,3830,1672,1002,814,6610,2348
2022-11-10,0,1,0,0,0,1,0,0,0,1,0,0,0,1,0,0,0,2188,2965,1570,304,2551,5692,3886,769,3425,3074,2109,201,2245,3831,1672,1002,814,6610,2348
2022-11-11,0,0,0,0,0,0,0,0,0,0,0,0,0,0,0,0,0,2188,2965,1570,304,2551,5692,3886,769,3425,3074,2109,201,2245,3831,1672,1002,814,6611,2348
2022-11-12,0,0,0,0,0,0,0,0,0,0,0,0,0,0,0,0,0,2188,2965,1570,304,2551,5692,3886,769,3425,3074,2109,201,2245,3831,1672,1002,814,6611,2348
2022-11-13,0,0,0,0,0,0,0,0,0,0,0,0,0,0,0,0,0,2188,2965,1570,304,2551,5692,3886,769,3425,3074,2109,201,2245,3831,1672,1002,814,6611,2348
2022-11-14,0,0,0,0,0,0,0,0,0,0,0,0,0,0,0,0,0,2188,2965,1570,304,2551,5692,3886,769,3425,3074,2109,201,2245,3831,1672,1002,814,6611,2348
2022-11-15,0,0,0,0,0,0,0,0,0,0,0,0,0,0,0,0,0,2188,2966,1570,304,2551,5692,3887,769,3426,3074,2109,201,2245,3831,1673,1002,814,6612,2348
2022-11-16,0,0,0,0,0,0,0,0,0,0,0,0,0,0,0,0,0,2188,2966,1570,304,2551,5692,3887,769,3426,3074,2109,201,2245,3831,1673,1002,814,6612,2348
2022-11-17,0,0,0,0,0,0,0,0,0,0,0,0,0,0,0,0,0,2188,2966,1570,304,2551,5692,3887,769,3426,3074,2109,201,2245,3831,1673,1002,814,6612,2348
2022-11-18,0,0,0,0,0,0,0,0,0,0,0,0,0,0,0,0,0,2188,2966,1570,304,2551,5692,3887,769,3426,3074,2109,201,2245,3831,1673,1002,814,6612,2348
2022-11-20,0,0,0,0,0,0,0,0,0,0,0,0,0,0,0,0,0,2188,2966,1570,304,2551,5692,3887,769,3426,3074,2109,201,2245,3831,1673,1002,814,6612,2348
2022-11-21,0,0,0,0,0,0,0,0,0,0,0,0,0,0,0,0,0,2188,2966,1570,304,2551,5692,3887,769,3426,3074,2109,201,2245,3831,1673,1002,814,6612,2348
2022-11-22,0,0,0,0,0,0,0,0,0,0,0,0,0,0,0,0,0,2188,2966,1570,304,2551,5692,3887,769,3426,3074,2109,201,2245,3831,1673,1002,814,6612,2348
2022-11-23,0,0,0,0,0,0,0,0,0,0,0,0,0,0,0,0,0,2188,2966,1570,304,2551,5692,3887,769,3426,3074,2109,201,2245,3831,1673,1002,814,6612,2348
2022-11-24,0,0,0,0,0,0,0,0,0,0,0,0,0,0,0,0,0,2188,2966,1570,304,2551,5692,3887,769,3426,3074,2109,201,2245,3831,1673,1002,814,6612,2348
2022-11-29,0,0,0,0,0,0,0,0,0,0,0,0,0,0,0,0,0,2188,2966,1570,304,2551,5692,3887,769,3426,3074,2109,201,2245,3831,1673,1002,814,6612,2348
2022-11-30,0,0,0,0,0,0,0,0,0,0,0,0,0,0,0,0,0,2188,2966,1570,304,2551,5692,3887,769,3426,3074,2109,201,2245,3831,1673,1002,814,6612,2348
2022-12-01,0,0,0,0,0,0,0,0,0,0,0,0,0,0,0,0,0,2188,2966,1570,304,2551,5692,3887,769,3426,3074,2109,201,2245,3831,1673,1002,814,6612,2348
2022-12-02,0,0,0,0,0,0,0,0,0,0,0,0,0,0,0,0,0,2188,2966,1570,304,2551,5692,3887,769,3426,3074,2109,201,2245,3831,1673,1002,814,6612,2348
2022-12-03,0,0,0,0,0,0,0,0,0,0,0,0,0,0,0,0,0,2188,2966,1570,304,2551,5692,3887,769,3426,3074,2109,201,2245,3831,1673,1002,814,6612,2348
2022-12-04,0,0,0,0,0,0,0,0,0,0,0,0,0,0,0,0,0,2188,2966,1570,304,2551,5692,3887,769,3426,3074,2109,201,2245,3831,1673,1002,814,6612,2348
2022-12-05,0,0,0,0,0,0,0,0,0,0,0,0,0,0,0,0,0,2188,2966,1570,304,2551,5692,3887,769,3426,3074,2109,201,2245,3831,1673,1002,814,6612,2348
2022-12-08,0,0,0,1,0,1,0,1,0,0,0,0,0,0,0,0,1,2188,2966,1570,305,2551,5693,3887,770,3426,3074,2109,201,2245,3831,1673,1002,815,6612,2348
2022-12-09,0,0,0,1,0,1,0,1,0,0,0,0,0,0,0,0,1,2188,2966,1570,305,2551,5693,3887,770,3426,3074,2109,201,2245,3831,1673,1002,815,6612,2348
2022-12-10,0,0,0,1,0,1,0,1,0,0,0,0,0,0,0,0,1,2188,2966,1570,305,2551,5693,3887,770,3426,3074,2109,201,2245,3831,1673,1002,815,6612,2348
2022-12-11,0,0,0,1,0,1,0,1,0,0,0,0,0,0,0,0,1,2188,2966,1570,305,2551,5693,3887,770,3426,3074,2109,201,2245,3831,1673,1002,815,6612,2348
2022-12-12,0,0,0,1,0,1,0,1,0,0,0,0,0,0,0,0,1,2188,2966,1570,305,2551,5693,3887,770,3426,3074,2109,201,2245,3831,1673,1002,815,6612,2348
2022-12-13,0,0,0,1,0,1,0,1,0,0,0,0,0,0,0,0,1,2188,2966,1570,305,2551,5693,3887,770,3426,3074,2109,201,2245,3831,1673,1002,815,6612,2348
2022-12-14,0,0,0,1,0,1,0,1,0,0,0,0,0,0,0,0,1,2188,2966,1570,305,2551,5693,3887,770,3426,3074,2109,201,2245,3831,1673,1002,815,6612,2348
2022-12-16,0,0,0,1,0,1,0,1,0,0,0,0,0,0,0,0,1,2188,2966,1570,305,2551,5693,3887,770,3426,3074,2109,201,2245,3831,1673,1002,815,6612,2348
2022-12-18,0,0,0,0,0,0,0,0,0,0,0,0,0,0,0,0,0,2188,2966,1570,305,2551,5692,3888,770,3426,3074,2109,201,2245,3831,1673,1002,815,6613,2348
2022-12-19,0,0,0,0,0,0,0,0,0,0,0,0,0,0,0,0,0,2188,2966,1570,305,2551,5692,3888,770,3426,3074,2109,201,2245,3831,1673,1002,815,6613,2348
2022-12-20,0,0,0,0,0,0,0,0,0,0,0,0,0,0,0,0,0,2188,2966,1570,305,2551,5692,3888,770,3426,3074,2109,201,2245,3831,1673,1002,815,6613,2348
2022-12-21,0,0,0,0,0,0,0,0,0,0,0,0,0,0,0,0,0,2188,2966,1570,305,2551,5692,3888,770,3426,3074,2109,201,2245,3831,1673,1002,815,6613,2348
2022-12-22,0,0,0,0,0,0,0,0,0,0,0,0,0,0,0,0,0,2188,2966,1570,305,2551,5692,3888,770,3426,3074,2109,201,2245,3831,1673,1002,815,6613,2348
2022-12-23,0,0,0,0,0,0,0,0,0,0,0,0,0,0,0,0,0,2188,2966,1570,305,2551,5692,3888,770,3426,3074,2109,201,2245,3831,1673,1002,815,6613,2348
2022-12-24,0,0,0,0,0,0,0,0,0,0,0,0,0,0,0,0,0,2188,2966,1570,305,2551,5692,3888,770,3426,3074,2109,201,2245,3831,1673,1002,815,6613,2348
2022-12-25,0,0,0,0,0,0,0,0,0,0,0,0,0,0,0,0,0,2188,2966,1570,305,2551,5692,3888,770,3426,3074,2109,201,2245,3831,1673,1002,815,6613,2348
2022-12-26,0,0,0,0,0,0,0,0,0,0,0,0,0,0,0,0,0,2188,2966,1570,305,2551,5692,3888,770,3426,3074,2109,201,2245,3831,1673,1002,815,6613,2348
2022-12-27,0,0,0,0,0,0,0,0,0,0,0,0,0,0,0,0,0,2188,2966,1570,305,2551,5692,3888,770,3426,3074,2109,201,2245,3831,1673,1002,815,6613,2348
2022-12-28,0,0,0,0,0,0,0,0,0,0,0,0,0,0,0,0,0,2188,2966,1570,305,2551,5692,3888,770,3426,3074,2109,201,2245,3831,1673,1002,815,6613,2348
2022-12-29,0,0,0,0,0,0,0,0,0,0,0,0,0,0,0,0,0,2188,2966,1570,305,2551,5692,3888,770,3426,3074,2109,201,2245,3831,1673,1002,815,6613,2348
2022-12-30,0,0,0,0,0,0,0,0,0,0,0,0,0,0,0,0,0,2188,2966,1570,305,2551,5692,3888,770,3426,3074,2109,201,2245,3831,1673,1002,815,6613,2348
2023-01-01,0,0,0,0,0,0,0,0,0,0,0,0,0,0,0,0,0,2188,2966,1570,305,2551,5692,3888,770,3426,3074,2109,201,2245,3831,1673,1002,815,6613,2348
2023-01-02,0,0,0,0,0,0,0,0,0,0,0,0,0,0,0,0,0,2188,2966,1570,305,2551,5692,3888,770,3426,3074,2109,201,2245,3831,1673,1002,815,6613,2348
2023-01-03,0,0,0,0,0,0,0,0,0,0,0,0,0,0,0,0,0,2188,2966,1570,305,2551,5692,3888,770,3426,3074,2109,201,2245,3831,1673,1002,815,6613,2348
2023-01-04,0,0,0,0,0,0,0,0,0,0,0,0,0,0,0,0,0,2188,2966,1570,305,2551,5692,3888,770,3426,3074,2109,201,2245,3831,1673,1002,815,6613,2348
2023-01-05,0,0,0,0,0,0,0,0,0,0,0,0,0,0,0,0,0,2188,2966,1570,305,2551,5692,3888,770,3426,3074,2109,201,2245,3831,1673,1002,815,6613,2348
2023-01-06,0,0,0,0,0,0,0,0,0,0,0,0,0,0,0,0,0,2188,2966,1570,305,2551,5692,3888,770,3426,3074,2109,201,2245,3831,1673,1002,815,6613,2348
2023-01-07,0,0,0,0,0,0,0,0,0,0,0,0,0,0,0,0,0,2188,2966,1570,305,2551,5692,3888,770,3426,3074,2109,201,2245,3831,1673,1002,815,6613,2348
2023-01-08,0,0,0,0,0,0,0,0,0,0,0,0,0,0,0,0,0,2188,2966,1570,305,2551,5692,3888,770,3426,3074,2109,201,2245,3831,1673,1002,815,6613,2348
2023-01-12,0,0,0,1,0,1,0,1,0,0,0,0,0,0,0,0,1,2188,2966,1570,305,2551,5692,3888,770,3426,3074,2109,201,2245,3831,1673,1002,815,6613,2348
2023-01-15,0,0,0,0,0,0,0,0,0,0,0,0,0,0,0,0,0,2188,2966,1570,305,2551,5692,3888,770,3426,3074,2109,201,2245,3831,1673,1002,815,6613,2348
2023-01-16,0,0,0,0,0,0,0,0,0,0,0,0,0,0,0,0,0,2188,2966,1570,305,2551,5692,3888,770,3426,3074,2109,201,2245,3831,1673,1002,815,6613,2348
2023-01-18,0,0,0,0,0,0,0,0,0,0,0,0,0,0,0,0,0,2188,2966,1570,305,2551,5692,3888,770,3426,3074,2109,201,2245,3831,1673,1002,815,6613,2348
2023-01-19,0,0,0,0,0,0,0,0,0,0,0,0,0,0,0,0,0,2188,2966,1570,305,2551,5692,3888,770,3426,3074,2109,201,2245,3831,1673,1002,815,6613,2348
2023-01-20,0,0,0,0,0,0,0,0,0,0,0,0,0,0,0,0,0,2188,2966,1570,305,2551,5692,3888,770,3426,3074,2109,201,2245,3831,1673,1002,815,6613,2348
2023-01-21,0,0,0,0,0,0,0,0,0,0,0,0,0,0,0,0,0,2188,2966,1570,305,2551,5692,3888,770,3426,3074,2109,201,2245,3831,1673,1002,815,6613,2348
2023-01-22,0,0,0,0,0,0,0,0,0,0,0,0,0,0,0,0,0,2188,2966,1570,305,2551,5692,3888,770,3426,3074,2109,201,2245,3831,1673,1002,815,6613,2348
