date,cases,tests,O2_capacity,ICU_capacity,Ventilator_capacity,O2_occupied,ICU_occupied,Ventilator_occupied,general_beds_capacity,general_beds_occupancy,active,symp,asymp,critical
2020-05-08,?,?,,480.0,,,456.0,
2020-05-09,12689,?,,,,,,
2020-05-10,13564,?,,,,,,
2020-05-11,14355,?,,438.0,,,397.0,
2020-05-12,14781,?,,,,,,
2020-05-13,15581,?,,,,,,
2020-05-14,16579,?,,438.0,,,417.0,
2020-05-15,17512,?,,,,,,
2020-05-16,18396,?,,474.0,,,446.0,
2020-05-17,19967,?,,520.0,,,473.0,
2020-05-18,21152,?,,520.0,,,473.0,
2020-05-19,22563,?,,552.0,,,510.0,
2020-05-20,23935,?,,563.0,,,538.0,
2020-05-21,25317,?,,586.0,,,567.0,
2020-05-22,27068,?,,586.0,,,567.0,
2020-05-23,28634,?,,597.0,335.0,,583.0,198.0
2020-05-24,30359,?,4116.0,626.0,358.0,2606.0,607.0,230.0
2020-05-25,31789,?,4128.0,626.0,359.0,2642.0,610.0,242.0
2020-05-26,32791,174841,4116.0,644.0,359.0,2606.0,619.0,237.0
2020-05-27,33835,?,4139.0,642.0,366.0,2735.0,638.0,262.0
2020-05-28,35273,185701,4292.0,645.0,373.0,2779.0,644.0,267.0
2020-05-29,36710,189967,3975.0,666.0,362.0,2799.0,645.0,287.0
2020-05-30,38220,?,4359.0,604.0,365.0,3010.0,604.0,299.0
2020-05-31,39464,?,4217.0,673.0,368.0,3094.0,670.0,297.0
2020-06-01,40877,201507,4368.0,696.0,391.0,3279.0,686.0,299.0
2020-06-02,41986,?,4485.0,1092.0,408.0,3375.0,1073.0,362.0
2020-06-03,43262,?,4517.0,1095.0,423.0,3375.0,1072.0,375.0
2020-06-04,44704,?,4650.0,1097.0,442.0,3424.0,1080.0,378.0
2020-06-05,45854,215829,4654.0,1100.0,457.0,3555.0,1082.0,427.0
2020-06-06,?,?,4652.0,1092.0,457.0,3556.0,1074.0,425.0
2020-06-07,48549,?,4651.0,1094.0,464.0,3579.0,1083.0,437.0
2020-06-08,49863,?,4610.0,1100.0,464.0,3585.0,1084.0,435.0
2020-06-09,50878,233570,5946.0,1164.0,493.0,4219.0,1154.0,471.0
2020-06-10,52445,?,5181.0,1158.0,503.0,3948.0,1142.0,481.0
2020-06-11,53985,242923,5202.0,1163.0,507.0,3905.0,1152.0,483.0
2020-06-12,55357,?,5260.0,1181.0,530.0,3986.0,1167.0,497.0
2020-06-13,56740,?,5325.0,1197.0,538.0,4080.0,1177.0,515.0
2020-06-14,58135,257274,5286.0,1206.0,532.0,4126.0,1189.0,520.0
2020-06-15,59201,261210,5298.0,1197.0,525.0,4060.0,1187.0,514.0
2020-06-16,60142,264580,5612.0,1163.0,532.0,4315.0,1162.0,521.0
2020-06-17,61501,269608,6951.0,1197.0,757.0,5644.0,1159.0,741.0
2020-06-18,62779,?,7114.0,1215.0,714.0,5943.0,1163.0,699.0
2020-06-19,64068,278790,7212.0,1278.0,704.0,5902.0,1183.0,676.0
2020-06-20,65265,283119,7275.0,1219.0,701.0,5995.0,1147.0,678.0
2020-06-21,66507,287384,7236.0,1258.0,724.0,5010.0,1186.0,699.0
2020-06-22,67635,291590,7226.0,1305.0,734.0,5977.0,1225.0,706.0
2020-06-23,68481,294861,7226.0,1315.0,734.0,5977.0,1215.0,704.0
2020-06-24,69625,299379,7382.0,1362.0,767.0,5901.0,1254.0,730.0
2020-06-25,70990,304690,7374.0,1362.0,767.0,5915.0,1258.0,735.0
2020-06-26,72287,?,7385.0,1375.0,771.0,5935.0,1273.0,739.0
2020-06-27,73747,?,7705.0,1394.0,770.0,5985.0,1290.0,744.0
2020-06-28,75047,319973,7700.0,1400.0,775.0,6007.0,1289.0,743.0
2020-06-29,76294,324666,7700.0,1400.0,775.0,6006.0,1299.0,745.0
2020-06-30,77197,328621,7724.0,1431.0,804.0,5877.0,1263.0,751.0
2020-07-01,78708,333752,7724.0,1431.0,804.0,5969.0,1257.0,750.0
2020-07-02,80262,339796,7893.0,1557.0,928.0,6114.0,1415.0,861.0
2020-07-03,81634,344968,8425.0,1567.0,927.0,6261.0,1421.0,867.0
2020-07-04,82814,349913,8406.0,1585.0,935.0,6284.0,1440.0,878.0
2020-07-05,84125,354649,8836.0,1540.0,885.0,6390.0,1410.0,849.0
2020-07-06,85326,359159,8836.0,1540.0,885.0,6404.0,1410.0,846.0
2020-07-07,86132,363120,10549.0,1606.0,942.0,6468.0,1482.0,900.0
2020-07-08,87513,368603,11589.0,1729.0,1051.0,6459.0,1487.0,914.0
2020-07-09,88795,374142,11640.0,1733.0,1052.0,6418.0,1500.0,922.0
2020-07-10,90149,379554,11640.0,1733.0,1052.0,6386.0,1507.0,911.0
2020-07-11,91457,385453,11250.0,1738.0,1054.0,6337.0,1523.0,920.0
2020-07-12,92720,391222,11250.0,1738.0,1054.0,6303.0,1514.0,915.0
2020-07-13,93894,396500,,,,,,
2020-07-14,94863,401741,11247.0,1737.0,1053.0,6298.0,1510.0,928.0
2020-07-15,96253,408320,11254.0,1737.0,1053.0,6215.0,1525.0,932.0
2020-07-16,97751,415390,11254.0,1737.0,1053.0,6210.0,1534.0,932.0
2020-07-17,98979,421345,11254.0,1737.0,1053.0,6256.0,1521.0,929.0
2020-07-18,100178,427378,11254.0,1737.0,1053.0,6343.0,1516.0,928.0
2020-07-19,101224,433227,11254.0,1737.0,1053.0,6344.0,1544.0,942.0
2020-07-20,102267,438261,11254.0,1737.0,1053.0,6320.0,1539.0,943.0
2020-07-21,103262,443083,11288.0,1748.0,1054.0,6271.0,1535.0,943.0
2020-07-22,104572,450459,11288.0,1748.0,1054.0,6266.0,1541.0,943.0
2020-07-23,105829,456511,11288.0,1748.0,1054.0,6266.0,1549.0,944.0
2020-07-24,106891,461721,11288.0,1748.0,1054.0,6294.0,1534.0,945.0
2020-07-25,107981,470330,11284.0,1764.0,1080.0,6322.0,1557.0,965.0
2020-07-26,109096,478825,11284.0,1764.0,1080.0,6297.0,1575.0,967.0
2020-07-27,110129,485563,11297.0,1776.0,1089.0,6292.0,1558.0,969.0
2020-07-28,110846,494339,11297.0,1776.0,1089.0,6021.0,1542.0,949.0
2020-07-29,111964,505982,10916.0,1753.0,1066.0,5898.0,1549.0,954.0
2020-07-30,113187,516714,10916.0,1753.0,1066.0,5867.0,1554.0,952.0
2020-07-31,114287,526982,10872.0,1748.0,1063.0,5855.0,1570.0,957.0
2020-08-01,115246,537536,10811.0,1755.0,1069.0,5935.0,1570.0,964.0
2020-08-02,116451,546620,10811.0,1755.0,1069.0,5942.0,1523.0,933.0
2020-08-03,117421,551994,10399.0,1762.0,1032.0,5625.0,1448.0,880.0
2020-08-04,118130,559787,10399.0,1762.0,1032.0,5549.0,1445.0,874.0
2020-08-05,119255,567031,10395.0,1748.0,1029.0,5525.0,1436.0,873.0
2020-08-06,120165,574919,10432.0,1761.0,1035.0,5454.0,1433.0,867.0
2020-08-07,121027,583160,10432.0,1761.0,1035.0,5384.0,1424.0,871.0
2020-08-08,122331,592230,10488.0,1770.0,1056.0,5324.0,1439.0,895.0
2020-08-09,123397,599791,10600.0,1786.0,1074.0,5384.0,1455.0,914.0
2020-08-10,124322,605419,10697.0,1822.0,1085.0,5388.0,1477.0,913.0
2020-08-11,125239,613745,10697.0,1822.0,1085.0,5392.0,1464.0,910.0
2020-08-12,126371,622963,10721.0,1832.0,1088.0,5230.0,1488.0,914.0
2020-08-13,127571,629899,10721.0,1832.0,1088.0,5234.0,1486.0,908.0
2020-08-14,128550,637876,,,,,,
2020-08-15,127716,645151,10510.0,1836.0,1095.0,5311.0,1501.0,938.0
2020-08-16,128726,651593,10510.0,1836.0,1095.0,5389.0,1493.0,926.0
2020-08-17,129479,656690,10525.0,1844.0,1096.0,5389.0,1514.0,936.0
2020-08-18,130410,663400,10525.0,1835.0,1092.0,5353.0,1504.0,937.0
2020-08-19,131542,671888,10359.0,1818.0,1084.0,5258.0,1493.0,940.0
2020-08-20,132817,680382,8894.0,1431.0,912.0,4433.0,1200.0,790.0
2020-08-21,134223,688876,8894.0,1431.0,912.0,4439.0,1194.0,778.0
2020-08-22,135357,697368,8894.0,1431.0,912.0,4475.0,1192.0,773.0
2020-08-23,136348,704314,,,,,,
2020-08-24,137091,709583,8892.0,1435.0,913.0,4565.0,1213.0,770.0
2020-08-25,137678,715543,8905.0,1435.0,913.0,4536.0,1196.0,770.0
2020-08-26,139532,725519,8905.0,1435.0,913.0,4438.0,1195.0,776.0
2020-08-27,140882,734619,8710.0,1436.0,940.0,4450.0,1224.0,816.0
2020-08-28,142099,743885,8701.0,1432.0,940.0,4472.0,1208.0,806.0
2020-08-29,143389,753869,8662.0,1415.0,933.0,4382.0,1214.0,809.0
2020-08-30,144626,762672,8662.0,1415.0,933.0,4367.0,1211.0,805.0
2020-08-31,145805,768818,8662.0,1415.0,933.0,4285.0,1206.0,798.0
2020-09-01,146947,775974,,,,,,
2020-09-02,148569,784392,8362.0,1401.0,928.0,4267.0,1220.0,815.0
2020-09-03,150095,792785,7912.0,1401.0,928.0,4350.0,1229.0,836.0
2020-09-04,152024,802647,7836.0,1397.0,929.0,4342.0,1257.0,855.0
2020-09-05,153712,813035,7836.0,1399.0,931.0,4427.0,1258.0,848.0
2020-09-06,155622,824886,7836.0,1399.0,931.0,4547.0,1247.0,847.0
2020-09-07,157410,834344,7836.0,1399.0,931.0,4563.0,1240.0,832.0
2020-09-08,158756,843691,7827.0,1413.0,938.0,4735.0,1276.0,856.0
2020-09-09,160744,856454,7839.0,1413.0,936.0,4804.0,1288.0,867.0
2020-09-10,163115,872155,7840.0,1414.0,936.0,4942.0,1330.0,898.0
2020-09-11,165287,887274,7812.0,1415.0,937.0,5033.0,1330.0,892.0
2020-09-12,167608,903101,7852.0,1417.0,947.0,4952.0,1336.0,900.0
2020-09-13,169693,915789,7852.0,1417.0,947.0,4987.0,1329.0,891.0
2020-09-14,171949,925148,7876.0,1418.0,959.0,5048.0,1327.0,897.0
2020-09-15,173534,936574,8837.0,1732.0,1102.0,5759.0,1591.0,1035.0
2020-09-16,175886,950112,8837.0,1732.0,1102.0,5759.0,1591.0,1035.0
2020-09-17,178275,964609,8805.0,1786.0,1119.0,5885.0,1576.0,993.0
2020-09-18,180542,977722,8805.0,1786.0,1119.0,5919.0,1583.0,1005.0
2020-09-19,182077,990940,8805.0,1786.0,1119.0,6081.0,1583.0,1006.0
2020-09-20,184313,1004017,8805.0,1786.0,1119.0,5975.0,1610.0,1014.0
2020-09-21,186150,1012423,8932.0,1916.0,1133.0,5991.0,1723.0,1035.0
2020-09-22,187778,1022711,8907.0,1916.0,1133.0,5896.0,1714.0,1028.0
2020-09-23,190138,1035440,8882.0,1923.0,1137.0,5766.0,1720.0,1030.0
2020-09-24,192301,1045706,8893.0,1923.0,1134.0,5741.0,1729.0,1034.0
2020-09-25,194177,1057640,8893.0,1923.0,1134.0,5686.0,1713.0,1020.0
2020-09-26,196459,1070623,8893.0,1923.0,1134.0,5686.0,1713.0,1020.0
2020-09-27,198720,1082329,9004.0,1917.0,1128.0,5815.0,1704.0,1020.0
2020-09-28,200775,1091537,9004.0,1917.0,1128.0,5777.0,1714.0,1023.0
2020-09-29,202488,1101734,9016.0,1969.0,1155.0,5885.0,1748.0,1037.0
2020-09-30,205142,1115711,9016.0,1976.0,1162.0,5912.0,1746.0,1045.0
2020-10-01,207494,1129869,,,,,,
2020-10-02,209934,1144744,9102.0,2010.0,1133.0,6066.0,1774.0,1039.0
2020-10-03,212336,1157039,9102.0,2010.0,1133.0,6076.0,1785.0,1033.0
2020-10-04,214445,1168348,9088.0,2017.0,1133.0,6141.0,1782.0,1025.0
2020-10-05,215464,1178111,9076.0,2019.0,1132.0,6064.0,1780.0,1016.0
2020-10-06,217090,1189398,9115.0,2018.0,1131.0,6131.0,1790.0,1032.0
2020-10-07,219938,1204081,9115.0,2018.0,1131.0,6070.0,1784.0,1030.0
2020-10-08,222761,1218314,9115.0,2018.0,1131.0,6057.0,1797.0,1029.0
2020-10-09,225048,1232838,9141.0,2031.0,1140.0,6080.0,1805.0,1042.0
2020-10-10,227251,1247680,9131.0,2033.0,1142.0,6074.0,1771.0,1036.0
2020-10-11,229450,1261822,9131.0,2033.0,1142.0,6071.0,1776.0,1034.0
2020-10-12,231070,1271087,9131.0,2033.0,1142.0,6022.0,1773.0,1025.0
2020-10-13,232395,1280220,9129.0,2027.0,1145.0,6031.0,1747.0,1020.0
2020-10-14,234606,1293994,9145.0,1998.0,1154.0,5869.0,1725.0,1032.0
2020-10-15,236725,1310717,9212.0,2024.0,1167.0,5873.0,1736.0,1029.0
2020-10-16,238548,1325537,9212.0,2024.0,1167.0,5828.0,1722.0,1022.0
2020-10-17,240339,1340767,,,,,,
2020-10-18,241939,1354182,9199.0,2036.0,1183.0,5665.0,1689.0,1011.0
2020-10-19,243172,1363205,9199.0,2036.0,1183.0,5582.0,1671.0,1006.0
2020-10-20,244262,1374754,9199.0,2036.0,1183.0,5476.0,1679.0,1004.0
2020-10-21,245871,1390891,9271.0,2040.0,1185.0,5362.0,1665.0,1014.0
2020-10-22,247334,1406524,9271.0,2040.0,1185.0,5126.0,1637.0,995.0
2020-10-23,248804,1423160,9271.0,2040.0,1185.0,4979.0,1632.0,984.0
2020-10-24,250061,1437445,9234.0,2037.0,1179.0,4882.0,1612.0,974.0
2020-10-25,251283,1449262,9253.0,2035.0,1177.0,4782.0,1608.0,979.0
2020-10-26,252087,1456838,9253.0,2035.0,1177.0,4668.0,1590.0,978.0
2020-10-27,252888,1468481,9253.0,2035.0,1177.0,4493.0,1545.0,965.0
2020-10-28,254242,1484306,9253.0,2035.0,1177.0,4355.0,1502.0,942.0
2020-10-29,255362,1498598,9253.0,2035.0,1177.0,4256.0,1490.0,918.0
2020-10-30,256507,1513154,9253.0,2035.0,1177.0,4105.0,1501.0,933.0
2020-10-31,257500,1526460,9103.0,2036.0,1179.0,3982.0,1483.0,923.0
2020-11-01,258408,1537356,9134.0,2052.0,1194.0,3860.0,1491.0,935.0
2020-11-02,259114,1545794,9134.0,2052.0,1194.0,3807.0,1484.0,935.0
2020-11-03,259860,1556774,9134.0,2052.0,1194.0,3733.0,1459.0,916.0
2020-11-04,260843,1567999,9134.0,2052.0,1194.0,3589.0,1423.0,909.0
2020-11-05,261684,1581487,9012.0,2042.0,1192.0,3355.0,1360.0,897.0
2020-11-06,262476,1594599,9012.0,2042.0,1192.0,3267.0,1345.0,886.0
2020-11-07,263052,1606356,8815.0,2020.0,1193.0,3273.0,1361.0,890.0
2020-11-08,264543,1617439,8815.0,2020.0,1193.0,3156.0,1292.0,860.0
2020-11-09,265142,1625637,8815.0,2020.0,1193.0,2994.0,1270.0,848.0
2020-11-10,265677,1636080,8699.0,2011.0,1189.0,2973.0,1280.0,847.0
2020-11-11,266746,1648347,8699.0,2011.0,1189.0,2949.0,1263.0,844.0
2020-11-12,267604,1659302,8705.0,2008.0,1186.0,2886.0,1251.0,832.0
2020-11-13,268404,1670251,8705.0,2008.0,1186.0,2794.0,1217.0,822.0
2020-11-14,269130,1679888,8689.0,2003.0,1183.0,2702.0,1200.0,810.0
2020-11-15,269704,1685287,8695.0,2003.0,1183.0,2691.0,1192.0,805.0
2020-11-16,270113,1689205,8695.0,2003.0,1183.0,2629.0,1208.0,819.0
2020-11-17,270654,1695744,8695.0,2003.0,1183.0,2597.0,1195.0,801.0
2020-11-18,271525,1707237,8695.0,2003.0,1183.0,2513.0,1155.0,787.0
2020-11-19,272449,1722605,8423.0,1978.0,1184.0,2502.0,1151.0,787.0
2020-11-20,273480,1739865,8423.0,1978.0,1184.0,2557.0,1148.0,791.0
2020-11-21,274572,1757666,8120.0,1947.0,1168.0,2593.0,1139.0,789.0
2020-11-22,275702,1773989,8123.0,1947.0,1168.0,2619.0,1153.0,796.0
2020-11-23,276507,1785308,8123.0,1947.0,1168.0,2635.0,1155.0,801.0
2020-11-24,277446,1800662,8123.0,1947.0,1168.0,2657.0,1146.0,786.0
2020-11-25,278590,1817232,8123.0,1947.0,1168.0,2704.0,1155.0,797.0
2020-11-26,279737,1836250,8123.0,1947.0,1168.0,2825.0,1154.0,788.0
2020-11-27,280811,1854223,8310.0,1926.0,1164.0,2859.0,1140.0,777.0
2020-11-28,281874,1871125,8273.0,1920.0,1163.0,2896.0,1143.0,781.0
2020-11-29,282814,1885717,8273.0,1920.0,1163.0,2922.0,1148.0,782.0
2020-11-30,283460,1896255,8273.0,1920.0,1163.0,2920.0,1145.0,782.0
2020-12-01,284184,1907961,8273.0,1920.0,1163.0,2814.0,1184.0,796.0
2020-12-02,282811,1924111,8273.0,1920.0,1163.0,2727.0,1161.0,785.0
2020-12-03,283689,1939510,8325.0,1934.0,1166.0,2705.0,1155.0,775.0
2020-12-04,284502,1955342,8325.0,1934.0,1166.0,2698.0,1140.0,770.0
2020-12-05,285260,1971736,8325.0,1934.0,1166.0,2635.0,1154.0,785.0
2020-12-06,286046,1988289,8314.0,1917.0,1145.0,2630.0,1133.0,760.0
2020-12-07,286590,1998764,8314.0,1917.0,1145.0,2595.0,1097.0,736.0
2020-12-08,287175,2013277,8314.0,1917.0,1145.0,2595.0,1097.0,736.0
2020-12-09,287891,2030066,8314.0,1917.0,1145.0,2595.0,1097.0,736.0
2020-12-10,288689,2044940,8314.0,1917.0,1145.0,2489.0,1082.0,734.0
2020-12-11,289343,2061094,8314.0,1917.0,1145.0,2382.0,1061.0,722.0
2020-12-12,290023,2077251,8314.0,1917.0,1145.0,2343.0,1057.0,731.0
2020-12-13,290629,2091138,8314.0,1917.0,1145.0,2302.0,1047.0,718.0
2020-12-14,287303,2100275,8314.0,1917.0,1145.0,2264.0,1023.0,702.0
2020-12-15,285580,2115153,8326.0,1886.0,1137.0,2222.0,997.0,678.0
2020-12-16,284404,2134006,8326.0,1886.0,1137.0,2206.0,1001.0,685.0
2020-12-17,284990,2148723,8316.0,1886.0,1137.0,2211.0,961.0,666.0
2020-12-18,285632,2164195,8316.0,1886.0,1137.0,2132.0,941.0,642.0
2020-12-19,286264,2178842,8316.0,1886.0,1137.0,2077.0,936.0,640.0
2020-12-20,286850,2193333,8316.0,1886.0,1137.0,2062.0,909.0,623.0
2020-12-21,287313,2202536,8316.0,1886.0,1137.0,2085.0,902.0,619.0
2020-12-22,287816,2225190,8316.0,1886.0,1137.0,2083.0,899.0,615.0
2020-12-23,288561,2250328,8316.0,1886.0,1137.0,2058.0,906.0,615.0
2020-12-24,289204,2265635,8316.0,1886.0,1137.0,2078.0,893.0,618.0
2020-12-25,289800,2280668,8316.0,1886.0,1137.0,2023.0,882.0,611.0
2020-12-26,290336,2292359,8316.0,1886.0,1137.0,2008.0,883.0,611.0
2020-12-27,290914,2302900,8316.0,1886.0,1137.0,2027.0,875.0,611.0
2020-12-28,291471,2311503,8316.0,1886.0,1137.0,2027.0,875.0,611.0
2020-12-29,292008,2325363,8316.0,1886.0,1137.0,2016.0,860.0,600.0
2020-12-30,292722,2341022,8316.0,1886.0,1137.0,2000.0,846.0,584.0
2020-12-31,293436,2356465,8316.0,1886.0,1137.0,1991.0,846.0,578.0
2021-01-01,294067,2370594,8316.0,1886.0,1137.0,1991.0,834.0,571.0
2021-01-02,294659,2382420,8316.0,1886.0,1137.0,1950.0,842.0,582.0
2021-01-03,295240,2393590,8316.0,1886.0,1137.0,1868.0,831.0,578.0
2021-01-04,294985,2404001,8316.0,1886.0,1137.0,1864.0,803.0,564.0
2021-01-05,295524,2415535,8316.0,1886.0,1137.0,1868.0,822.0,574.0
2021-01-06,296319,2430972,8316.0,1886.0,1137.0,1860.0,828.0,578.0
2021-01-07,296984,2446999,8316.0,1886.0,1137.0,1860.0,828.0,578.0
2021-01-08,297638,2463249,7311.0,1818.0,1087.0,1787.0,845.0,577.0
2021-01-09,298233,2481259,7276.0,1797.0,1076.0,1692.0,812.0,550.0
2021-01-10,298889,2495560,7276.0,1797.0,1076.0,1702.0,809.0,552.0
2021-01-11,299323,2504971,7276.0,1797.0,1076.0,1711.0,796.0,547.0
2021-01-12,299796,2518221,7276.0,1797.0,1076.0,1711.0,796.0,547.0
2021-01-13,300471,2533640,7276.0,1797.0,1076.0,1660.0,772.0,520.0
2021-01-14,301078,2549307,7276.0,1797.0,1076.0,1672.0,779.0,525.0
2021-01-15,301652,2565443,7276.0,1802.0,1088.0,1697.0,768.0,522.0
2021-01-16,302223,2582248,6997.0,1750.0,1058.0,1628.0,762.0,514.0
2021-01-17,302753,2596790,6999.0,1749.0,1056.0,1595.0,768.0,518.0
2021-01-18,303148,2608930,6999.0,1749.0,1056.0,1592.0,767.0,513.0
2021-01-19,303621,2623129,6999.0,1749.0,1056.0,1581.0,743.0,501.0
2021-01-20,304122,2641996,6999.0,1749.0,1056.0,1545.0,722.0,490.0
2021-01-21,304649,2657668,6979.0,1732.0,1048.0,1548.0,722.0,491.0
2021-01-22,305131,2673341,6979.0,1732.0,1048.0,1548.0,722.0,491.0
2021-01-23,305566,2690152,,,,,,
2021-01-24,306045,2706200,,,,,,
2021-01-25,306393,2717291,6969.0,1732.0,1048.0,1446.0,668.0,449.0
2021-01-26,306735,2729011,6930.0,1733.0,1049.0,1402.0,653.0,437.0
2021-01-27,307169,2742466,6930.0,1733.0,1049.0,1380.0,648.0,432.0
2021-01-28,307563,2756738,6930.0,1733.0,1049.0,1366.0,639.0,430.0
2021-01-29,308057,2773166,6869.0,1707.0,1033.0,1344.0,638.0,423.0
2021-01-30,308486,2789713,6869.0,1707.0,1033.0,1316.0,595.0,404.0
2021-01-31,308969,2804281,6869.0,1707.0,1033.0,1329.0,585.0,400.0
2021-02-01,309297,2815467,6869.0,1707.0,1033.0,1305.0,584.0,399.0
2021-02-02,309631,2829156,6869.0,1707.0,1033.0,1331.0,574.0,395.0
2021-02-03,310134,2847368,6869.0,1707.0,1033.0,1297.0,579.0,399.0
2021-02-04,310597,2864168,6869.0,1707.0,1033.0,1267.0,556.0,385.0
2021-02-05,311012,2879835,6869.0,1707.0,1033.0,1286.0,563.0,385.0
2021-02-06,311426,2896224,6869.0,1707.0,1033.0,1290.0,563.0,387.0
2021-02-07,311874,2910618,6869.0,1707.0,1033.0,1314.0,563.0,381.0
2021-02-08,312273,2919517,6869.0,1707.0,1033.0,1297.0,578.0,388.0
2021-02-09,312648,2933987,6869.0,1707.0,1033.0,1257.0,581.0,385.0
2021-02-10,313206,2949675,6869.0,1707.0,1033.0,1232.0,571.0,380.0
2021-02-11,312303,2966167,6869.0,1707.0,1033.0,1211.0,584.0,392.0
2021-02-12,312902,2982882,6869.0,1707.0,1033.0,1246.0,570.0,386.0
2021-02-13,313431,2998180,,,,,,
2021-02-14,314076,3014520,6869.0,1707.0,1033.0,1306.0,585.0,402.0
2021-02-15,314569,3026078,6869.0,1707.0,1033.0,1306.0,585.0,402.0
2021-02-16,315030,3039461,6869.0,1707.0,1033.0,1325.0,586.0,394.0
2021-02-17,315751,3058146,6869.0,1707.0,1033.0,1337.0,575.0,380.0
2021-02-18,316487,3080528,6869.0,1707.0,1033.0,1355.0,565.0,371.0
2021-02-19,317310,3098894,6174.0,1528.0,959.0,1284.0,554.0,354.0
2021-02-20,318207,3117294,6174.0,1528.0,959.0,1359.0,553.0,363.0
2021-02-21,319128,3133429,6174.0,1528.0,959.0,1425.0,556.0,363.0
2021-02-22,319888,3146722,6174.0,1528.0,959.0,1452.0,562.0,365.0
2021-02-23,320531,3164211,8057.0,1559.0,943.0,1492.0,580.0,383.0
2021-02-24,321698,3185334,8013.0,1554.0,940.0,1535.0,612.0,393.0
2021-02-25,322843,3208685,8019.0,1554.0,940.0,1649.0,647.0,411.0
2021-02-26,323877,3230798,8022.0,1556.0,940.0,1709.0,657.0,427.0
2021-02-27,324864,3253327,8023.0,1550.0,939.0,1853.0,677.0,441.0
2021-02-28,325915,3275270,8034.0,1551.0,940.0,1915.0,679.0,446.0
2021-03-01,326770,3291721,8034.0,1551.0,940.0,1972.0,701.0,457.0
2021-03-02,327619,3310190,8033.0,1557.0,945.0,2037.0,712.0,467.0
2021-03-03,328740,3331942,8033.0,1557.0,945.0,2037.0,712.0,467.0
2021-03-04,329843,3353124,8025.0,1541.0,940.0,2071.0,727.0,465.0
2021-03-05,331016,3372926,8028.0,1541.0,940.0,2123.0,730.0,463.0
2021-03-06,332204,3393392,8036.0,1544.0,950.0,2187.0,741.0,474.0
2021-03-07,333564,3416761,8027.0,1536.0,947.0,2288.0,759.0,488.0
2021-03-08,334572,3434610,8027.0,1536.0,947.0,2288.0,773.0,502.0
2021-03-09,335584,3454129,8019.0,1533.0,943.0,2195.0,792.0,506.0
2021-03-10,337123,3475744,8019.0,1533.0,941.0,2385.0,789.0,500.0
2021-03-11,338631,3496145,8025.0,1534.0,942.0,2516.0,829.0,530.0
2021-03-12,340277,3516875,8025.0,1534.0,942.0,2576.0,829.0,535.0
2021-03-13,341985,3537664,8022.0,1536.0,944.0,2668.0,845.0,539.0
2021-03-14,343947,3558359,8022.0,1536.0,944.0,2668.0,845.0,539.0
2021-03-15,345659,3574056,8026.0,1535.0,944.0,2930.0,859.0,549.0
2021-03-16,347581,3593065,8085.0,1537.0,942.0,3039.0,883.0,565.0
2021-03-17,349958,3614528,8085.0,1537.0,942.0,3039.0,883.0,565.0
2021-03-18,352835,3637930,8175.0,1520.0,956.0,3504.0,913.0,607.0
2021-03-19,355897,3662472,8352.0,1527.0,961.0,3864.0,915.0,616.0
2021-03-20,358879,3686883,8461.0,1539.0,966.0,4087.0,952.0,657.0
2021-03-21,362654,3711103,8461.0,1539.0,966.0,4087.0,952.0,657.0
2021-03-22,365914,3730450,8461.0,1539.0,966.0,4087.0,952.0,657.0
2021-03-23,369426,3754100,8814.0,1544.0,966.0,4783.0,984.0,680.0
2021-03-24,374611,3794500,8851.0,1559.0,978.0,4991.0,1021.0,697.0
2021-03-25,380115,3841369,9062.0,1616.0,1000.0,5249.0,1104.0,729.0
2021-03-26,385628,3888873,8209.0,1644.0,997.0,5605.0,1117.0,726.0
2021-03-27,391751,3936930,8534.0,1669.0,1014.0,6255.0,1188.0,771.0
2021-03-28,398674,3983380,8534.0,1669.0,1014.0,6421.0,1188.0,760.0
2021-03-29,404562,4017316,8694.0,1709.0,1036.0,6520.0,1261.0,810.0
2021-03-30,409320,4041810,8725.0,1631.0,1030.0,6565.0,1295.0,817.0
2021-03-31,414714,4083173,8914.0,1627.0,1000.0,6695.0,1303.0,830.0
2021-04-01,423360,4129931,8599.0,1595.0,1026.0,6521.0,1332.0,885.0
2021-04-02,432192,4174259,8658.0,1638.0,1047.0,6723.0,1376.0,905.0
2021-04-03,441282,4217856,9180.0,1800.0,1131.0,7410.0,1632.0,1037.0
2021-04-04,452445,4269175,9841.0,1899.0,1168.0,7709.0,1750.0,1093.0
2021-04-05,462302,4306053,10204.0,1924.0,1162.0,7987.0,1776.0,1099.0
2021-04-06,472332,4353975,10557.0,2007.0,1122.0,8290.0,1871.0,1071.0
2021-04-07,482760,4405238,10725.0,2056.0,1170.0,8553.0,1928.0,1112.0
2021-04-08,491698,4454140,10767.0,2087.0,1179.0,8762.0,2015.0,1151.0
2021-04-09,500898,4509881,11209.0,2248.0,1205.0,9383.0,2185.0,1179.0
2021-04-10,510225,4558630,9762.0,2410.0,1273.0,8481.0,2323.0,1243.0
2021-04-11,520214,4610789,9946.0,2529.0,1302.0,8439.0,2440.0,1270.0
2021-04-12,527119,4650187,9934.0,2542.0,1330.0,8540.0,2482.0,1310.0
2021-04-13,535017,4699507,10051.0,2598.0,1306.0,8654.0,2553.0,1294.0
2021-04-14,544942,4755733,10361.0,2664.0,1339.0,8917.0,2623.0,1324.0
2021-04-15,553159,4801219,10183.0,2692.0,1349.0,8962.0,2652.0,1335.0
2021-04-16,561998,4851752,10248.0,2711.0,1358.0,9053.0,2674.0,1341.0
2021-04-17,570832,4899005,10069.0,2751.0,1414.0,9189.0,2695.0,1393.0
2021-04-18,579311,4945976,10227.0,2765.0,1415.0,9566.0,2722.0,1396.0
2021-04-19,586692,4982532,10274.0,2762.0,1410.0,9710.0,2719.0,1390.0
2021-04-20,593906,5027882,10511.0,2798.0,1426.0,9845.0,2748.0,1405.0
2021-04-21,601590,5075152,10651.0,2823.0,1447.0,9827.0,2772.0,1432.0
2021-04-22,609000,5122026,10773.0,2834.0,1452.0,9920.0,2792.0,1431.0
2021-04-23,616221,5163852,10981.0,2850.0,1441.0,10065.0,2808.0,1421.0
2021-04-24,622109,5203436,11082.0,2861.0,1444.0,10048.0,2801.0,1427.0
2021-04-25,627651,5243734,11181.0,2836.0,1455.0,10182.0,2794.0,1439.0
2021-04-26,631527,5272062,11172.0,2837.0,1450.0,10132.0,2789.0,1427.0
2021-04-27,635541,5302490,11124.0,2849.0,1451.0,10028.0,2798.0,1432.0
2021-04-28,640507,5341625,11158.0,2886.0,1463.0,9904.0,2819.0,1442.0
2021-04-29,644699,5380473,11147.0,2887.0,1474.0,9667.0,2814.0,1454.0
2021-04-30,648624,5423998,11060.0,2894.0,1482.0,9489.0,2837.0,1461.0
2021-05-01,652532,5461605,11235.0,2906.0,1491.0,9482.0,2840.0,1471.0
2021-05-02,656204,5490241,11244.0,2923.0,1501.0,9424.0,2853.0,1479.0
2021-05-03,658866,5513783,11230.0,2919.0,1503.0,9184.0,2830.0,1483.0
2021-05-04,661420,5542859,12754.0,2929.0,1495.0,10237.0,2831.0,1472.0
2021-05-05,665299,5578236,11487.0,2921.0,1493.0,8773.0,2801.0,1471.0
2021-05-06,668355,5609178,11514.0,2925.0,1491.0,8544.0,2790.0,1468.0
2021-05-07,671394,5644402,12816.0,2958.0,1507.0,8265.0,2814.0,1481.0
2021-05-08,674072,5677780,12837.0,2961.0,1509.0,8050.0,2781.0,1477.0
2021-05-09,676475,5710370,12850.0,2976.0,1510.0,7935.0,2779.0,1469.0
2021-05-10,678269,5733431,12855.0,2977.0,1521.0,7645.0,2774.0,1467.0
2021-05-11,679986,5761689,12794.0,2996.0,1552.0,7376.0,2761.0,1485.0
2021-05-12,682102,5795188,12748.0,2994.0,1547.0,7019.0,2707.0,1462.0
2021-05-13,684048,5826074,12742.0,2995.0,1547.0,6586.0,2710.0,1474.0
2021-05-14,685705,5851279,,,,,,
2021-05-15,687152,5876175,12679.0,2984.0,1524.0,5871.0,2633.0,1430.0
2021-05-16,688696,5898605,12702.0,2998.0,1538.0,6179.0,2664.0,1448.0
2021-05-17,689936,5916245,12655.0,2922.0,1509.0,6190.0,2552.0,1405.0
2021-05-18,690889,5934165,11971.0,2899.0,1495.0,6061.0,2515.0,1400.0
2021-05-19,692239,5956953,12061.0,2882.0,1486.0,5758.0,2477.0,1382.0
2021-05-20,693664,5986344,11556.0,2881.0,1487.0,5524.0,2461.0,1374.0
2021-05-21,695080,6019422,11580.0,2880.0,1489.0,5412.0,2410.0,1362.0
2021-05-22,696379,6048686,11532.0,2880.0,1489.0,4361.0,2267.0,1281.0
2021-05-23,697810,6072000,11553.0,2881.0,1482.0,4250.0,2360.0,1343.0
2021-05-24,698867,6093947,11525.0,2867.0,1471.0,4211.0,2335.0,1324.0
2021-05-25,699904,6114937,11474.0,2869.0,1472.0,4023.0,2279.0,1295.0
2021-05-26,701266,6144526,,,,,,
2021-05-27,702532,6173006,,,,,,
2021-05-28,703461,6202579,11645.0,2865.0,1494.0,3748.0,2212.0,1297.0
2021-05-29,704509,6229330,11459.0,2831.0,1491.0,3590.0,2153.0,1270.0
2021-05-30,705575,6253878,11458.0,2833.0,1494.0,3490.0,2135.0,1266.0
2021-05-31,706251,6271743,11455.0,2832.0,1493.0,3324.0,2137.0,1263.0
2021-06-01,707082,6295246,11437.0,2840.0,1495.0,3213.0,2071.0,1234.0
2021-06-02,708007,6319978,11483.0,2842.0,1496.0,3065.0,2020.0,1206.0
2021-06-03,708968,6344465,11407.0,2822.0,1491.0,3004.0,1995.0,1206.0
2021-06-04,709941,6371996,11273.0,2820.0,1489.0,2891.0,1972.0,1200.0
2021-06-05,710807,6398665,11117.0,2818.0,1484.0,2776.0,1961.0,1200.0
2021-06-06,711601,6425423,11109.0,2808.0,1480.0,2792.0,1912.0,1173.0
2021-06-07,712329,6453499,11113.0,2808.0,1480.0,2696.0,1886.0,1158.0
2021-06-08,713002,6480491,11086.0,2800.0,1479.0,2586.0,1728.0,1052.0
2021-06-09,713790,6509573,10993.0,2757.0,1462.0,2483.0,1765.0,1100.0
2021-06-10,714450,6534969,10977.0,2737.0,1457.0,2408.0,1618.0,1008.0
2021-06-11,715146,6561197,,,,,,
2021-06-12,715879,6590371,10805.0,2674.0,1467.0,2271.0,1674.0,1078.0
2021-06-13,716579,6620508,10783.0,2660.0,1460.0,2189.0,1700.0,1088.0
2021-06-14,717108,6640641,10770.0,2660.0,1459.0,2096.0,1673.0,1074.0
2021-06-15,717683,6664322,10775.0,2653.0,1457.0,2108.0,1648.0,1051.0
2021-06-16,718513,6693910,10712.0,2646.0,1456.0,2006.0,1513.0,969.0
2021-06-17,719179,6723219,10686.0,2642.0,1452.0,2016.0,1480.0,951.0
2021-06-18,719941,6753666,10934.0,2635.0,1455.0,1949.0,1465.0,951.0
2021-06-19,720637,6786802,10933.0,2633.0,1450.0,1924.0,1448.0,923.0
2021-06-20,721370,6815028,10930.0,2633.0,1450.0,1906.0,1417.0,908.0
2021-06-21,721891,6841314,10910.0,2633.0,1451.0,1807.0,1396.0,894.0
2021-06-22,722461,6873621,10909.0,2636.0,1454.0,1771.0,1395.0,896.0
2021-06-23,723324,6911526,10852.0,2620.0,1435.0,1764.0,1375.0,879.0
2021-06-24,724113,6947290,10832.0,2619.0,1434.0,1787.0,1335.0,875.0
2021-06-25,720339,6978188,10821.0,2586.0,1403.0,1794.0,1267.0,821.0
2021-06-26,719610,7011947,10712.0,2530.0,1391.0,1728.0,1238.0,803.0
2021-06-27,720356,7044658,10711.0,2529.0,1388.0,1697.0,1231.0,804.0
2021-06-28,720964,7072953,10710.0,2529.0,1388.0,1724.0,1225.0,784.0
2021-06-29,721526,7104722,10519.0,2523.0,1377.0,1691.0,1202.0,761.0
2021-06-30,722218,7142800,10517.0,2515.0,1374.0,1699.0,1189.0,755.0
2021-07-01,722879,7181452,10464.0,2499.0,1372.0,1684.0,1199.0,773.0
2021-07-02,723555,7219827,10447.0,2470.0,1355.0,1657.0,1192.0,780.0
2021-07-03,724130,7255318,9503.0,2448.0,1343.0,1666.0,1211.0,783.0
2021-07-04,724678,7292446,9519.0,2402.0,1297.0,1620.0,1163.0,731.0
2021-07-05,725167,7323183,9469.0,2450.0,1345.0,1607.0,1181.0,752.0
2021-07-06,725620,7353737,9467.0,2450.0,1345.0,1617.0,1184.0,760.0
2021-07-07,726284,7385681,9336.0,2436.0,1327.0,1546.0,1160.0,742.0
2021-07-08,726824,7423483,9332.0,2445.0,1329.0,1474.0,1155.0,739.0
2021-07-09,726637,7462558,,,,,,
2021-07-10,727141,7499594,,,,,,
2021-07-11,727696,7534574,9240.0,2407.0,1307.0,1450.0,1082.0,692.0
2021-07-12,728174,7562401,9233.0,2398.0,1305.0,1413.0,1051.0,676.0
2021-07-13,728615,7592501,9112.0,2352.0,1294.0,1406.0,1016.0,657.0
2021-07-14,729250,7628469,9117.0,2347.0,1288.0,1410.0,998.0,639.0
2021-07-15,729795,7665037,9088.0,2337.0,1282.0,1359.0,979.0,627.0
2021-07-16,730241,7700399,9087.0,2328.0,1277.0,1322.0,998.0,633.0
2021-07-17,730707,7733879,9087.0,2328.0,1277.0,1322.0,998.0,633.0
2021-07-18,731161,7766252,9087.0,2328.0,1277.0,1322.0,998.0,633.0
2021-07-19,731563,7789733,9074.0,2318.0,1279.0,1333.0,975.0,594.0
2021-07-20,731914,7811748,8956.0,2291.0,1280.0,1262.0,912.0,577.0
2021-07-21,732349,7841068,8912.0,2294.0,1277.0,1248.0,895.0,564.0
2021-07-22,732741,7871577,,,,,,
2021-07-23,733115,7898708,8884.0,2293.0,1273.0,1202.0,885.0,557.0
2021-07-24,733757,7933729,8840.0,2279.0,1270.0,1240.0,872.0,550.0
2021-07-25,734119,7965330,8836.0,2278.0,1269.0,1167.0,870.0,552.0
2021-07-26,734418,7990319,8834.0,2278.0,1269.0,1132.0,871.0,549.0
2021-07-27,734761,8018377,8834.0,2282.0,1273.0,1137.0,845.0,534.0
2021-07-28,735165,8050759,8776.0,2283.0,1276.0,1145.0,827.0,522.0
2021-07-29,735505,8086152,,,,,,
2021-07-30,734435,8118437,8776.0,2281.0,1293.0,1133.0,826.0,535.0
2021-07-31,734781,8152639,8776.0,2281.0,1293.0,1133.0,826.0,535.0
2021-08-01,735112,8185533,8776.0,2266.0,1292.0,1113.0,817.0,540.0
2021-08-02,735371,8212301,8769.0,2265.0,1291.0,1135.0,797.0,513.0
2021-08-03,735659,8241334,,,,,,
2021-08-04,736022,8275448,8768.0,2266.0,1292.0,1092.0,795.0,509.0
2021-08-05,736346,8309593,8768.0,2266.0,1292.0,1064.0,767.0,484.0
2021-08-06,736862,8343877,8773.0,2299.0,1293.0,1070.0,772.0,488.0
2021-08-07,737193,8379141,8721.0,2301.0,1295.0,1054.0,758.0,472.0
2021-08-08,737516,8413076,8721.0,2301.0,1295.0,1050.0,749.0,475.0
2021-08-09,737724,8439521,8686.0,2300.0,1294.0,1035.0,743.0,469.0
2021-08-10,737954,8470144,8688.0,2299.0,1293.0,1041.0,730.0,466.0
2021-08-11,738243,8506864,8674.0,2295.0,1293.0,1022.0,731.0,465.0
2021-08-12,738522,8543032,,,,,,
2021-08-13,738807,8580084,8616.0,2281.0,1287.0,1011.0,690.0,450.0
2021-08-14,739069,8616555,8631.0,2311.0,1308.0,999.0,692.0,453.0
2021-08-15,739336,8652262,8631.0,2311.0,1308.0,1000.0,697.0,455.0
2021-08-16,739526,8678746,8631.0,2310.0,1307.0,999.0,706.0,454.0
2021-08-17,739724,8707254,7947.0,2310.0,1307.0,1008.0,701.0,450.0
2021-08-18,740007,8745957,7947.0,2310.0,1307.0,1029.0,700.0,453.0
2021-08-19,740290,8798439,7944.0,2313.0,1310.0,1015.0,704.0,451.0
2021-08-20,740612,8855005,7942.0,2308.0,1307.0,986.0,698.0,446.0
2021-08-21,740871,8889888,7942.0,2308.0,1307.0,1009.0,698.0,444.0
2021-08-22,741165,8922504,7900.0,2299.0,1305.0,1004.0,677.0,430.0
2021-08-23,741391,8947332,7898.0,2298.0,1304.0,980.0,673.0,431.0
2021-08-24,741661,8976072,7833.0,2278.0,1292.0,895.0,628.0,403.0
2021-08-25,742004,9018795,,,,,,
2021-08-26,742401,9060423,,,,,,
2021-08-27,742765,9096293,7659.0,2252.0,1287.0,790.0,595.0,389.0
2021-08-28,743153,9133628,7643.0,2241.0,1282.0,763.0,612.0,401.0
2021-08-29,743498,9177752,7606.0,2249.0,1290.0,754.0,615.0,405.0
2021-08-30,743832,9211143,7609.0,2248.0,1289.0,750.0,616.0,408.0
2021-08-31,744155,9241564,7595.0,2243.0,1289.0,757.0,604.0,406.0
2021-09-01,744571,9283493,7594.0,2242.0,1288.0,753.0,613.0,411.0
2021-09-02,745012,9320656,7619.0,2238.0,1287.0,798.0,602.0,410.0
2021-09-03,745434,9353296,7620.0,2241.0,1290.0,797.0,601.0,407.0
2021-09-04,745850,9389842,7606.0,2243.0,1292.0,778.0,616.0,414.0
2021-09-05,746346,9432959,7600.0,2242.0,1291.0,790.0,615.0,421.0
2021-09-06,746725,9464536,7600.0,2243.0,1292.0,778.0,631.0,432.0
2021-09-07,747078,9503020,7601.0,2241.0,1290.0,791.0,625.0,440.0
2021-09-08,747608,9551541,7602.0,2225.0,1284.0,777.0,595.0,427.0
2021-09-09,748066,9600253,7601.0,2225.0,1284.0,774.0,585.0,416.0
2021-09-10,734337,9650174,7599.0,2225.0,1284.0,777.0,585.0,404.0
2021-09-11,734702,9686025,7597.0,2225.0,1284.0,798.0,587.0,409.0
2021-09-12,735056,9715874,7597.0,2225.0,1284.0,798.0,587.0,409.0
2021-09-13,735403,9741455,7596.0,2231.0,1285.0,796.0,589.0,418.0
2021-09-14,735770,9769953,7675.0,2232.0,1290.0,744.0,568.0,408.0
2021-09-15,736284,9799839,7680.0,2234.0,1292.0,783.0,550.0,397.0
2021-09-16,736770,9844488,7592.0,2206.0,1285.0,681.0,531.0,374.0
2021-09-17,737164,9884931,8291.0,2206.0,1285.0,676.0,527.0,373.0
2021-09-18,737685,9925955,8280.0,2204.0,1285.0,674.0,537.0,379.0
2021-09-19,738105,9962003,8281.0,2206.0,1287.0,669.0,540.0,384.0
2021-09-20,738524,9993863,8281.0,2206.0,1287.0,672.0,555.0,397.0
2021-09-21,738876,10018770,8286.0,2207.0,1288.0,664.0,561.0,403.0
2021-09-22,739364,10059254,,,,,,
2021-09-23,739861,10100327,8287.0,2204.0,1285.0,708.0,524.0,369.0
2021-09-24,740307,10136863,,,,,,
2021-09-25,740761,10177774,,,,,,
2021-09-26,741240,10216972,8288.0,2206.0,1287.0,716.0,502.0,357.0
2021-09-27,741617,10247664,,,,,,
2021-09-28,742011,10276502,8290.0,2204.0,1285.0,689.0,502.0,339.0
2021-09-29,742538,10313389,8290.0,2206.0,1285.0,693.0,512.0,343.0
2021-09-30,742996,10352983,8288.0,2207.0,1286.0,705.0,495.0,337.0
2021-10-01,743414,10392389,8291.0,2207.0,1286.0,680.0,503.0,349.0
2021-10-02,743819,10433437,8291.0,2207.0,1286.0,676.0,520.0,363.0
2021-10-03,744389,10474481,8321.0,2218.0,1295.0,707.0,525.0,370.0
2021-10-04,744730,10502704,8321.0,2218.0,1295.0,707.0,525.0,370.0
2021-10-05,745163,10534673,8322.0,2218.0,1295.0,693.0,553.0,391.0
2021-10-06,745792,10574242,8336.0,2218.0,1295.0,685.0,546.0,382.0
2021-10-07,746250,10612346,8090.0,2220.0,1296.0,698.0,552.0,385.0
2021-10-08,746782,10652064,8089.0,2220.0,1296.0,699.0,553.0,392.0
2021-10-09,747305,10689795,8088.0,2221.0,1297.0,670.0,550.0,387.0
2021-10-10,747758,10729035,8087.0,2221.0,1297.0,670.0,557.0,389.0
2021-10-11,748168,10757354,8087.0,2221.0,1297.0,705.0,574.0,412.0
2021-10-12,748593,10789070,,,,,,
2021-10-13,749074,10820708,8020.0,2221.0,1297.0,687.0,579.0,405.0
2021-10-14,749620,10857715,8007.0,2216.0,1294.0,699.0,574.0,401.0
2021-10-15,750108,10895693,8007.0,2217.0,1295.0,690.0,574.0,399.0
2021-10-16,750441,10928695,8009.0,2217.0,1295.0,664.0,567.0,399.0
2021-10-17,750808,10957392,7998.0,2217.0,1295.0,647.0,536.0,380.0
2021-10-18,751181,10987506,,,,,,
2021-10-19,751494,11021934,8011.0,2216.0,1294.0,662.0,531.0,378.0
2021-10-20,751957,11061542,8011.0,2217.0,1294.0,673.0,550.0,381.0
2021-10-21,752386,11095762,8011.0,2217.0,1294.0,637.0,524.0,369.0
2021-10-22,752807,11134004,8011.0,2217.0,1294.0,668.0,510.0,357.0
2021-10-23,753272,11172710,8010.0,2217.0,1294.0,639.0,505.0,351.0
2021-10-24,753680,11213820,8012.0,2217.0,1293.0,615.0,499.0,345.0
2021-10-25,753956,11241005,8011.0,2217.0,1293.0,606.0,488.0,340.0
2021-10-26,754249,11272285,8012.0,2218.0,1294.0,605.0,472.0,340.0
2021-10-27,754669,11311321,8011.0,2218.0,1294.0,593.0,475.0,341.0
2021-10-28,754996,11344009,7971.0,2191.0,1287.0,592.0,469.0,339.0
2021-10-29,755331,11383092,7951.0,2179.0,1277.0,546.0,458.0,337.0
2021-10-30,,,7951.0,2179.0,1277.0,526.0,454.0,331.0
2021-10-31,,,7952.0,2179.0,1277.0,537.0,447.0,326.0
2021-11-01,,,7952.0,2179.0,1277.0,556.0,438.0,322.0
2021-11-02,,,7951.0,2179.0,1277.0,564.0,435.0,322.0
2021-11-03,,,7951.0,2180.0,1278.0,528.0,425.0,314.0
2021-11-04,,,7951.0,2179.0,1278.0,522.0,429.0,317.0
2021-11-05,,,7921.0,2180.0,1279.0,504.0,414.0,312.0
2021-11-06,,,,,,,,
2021-11-07,,,,,,,,
2021-11-08,,,7921.0,2180.0,1279.0,512.0,395.0,306.0
2021-11-09,,,,,,,,
2021-11-10,,,7921.0,2178.0,1277.0,522.0,403.0,311.0
2021-11-11,,,7933.0,2168.0,1277.0,533.0,380.0,289.0
2021-11-12,,,,,,,,
2021-11-13,,,7933.0,2166.0,1275.0,516.0,366.0,281.0
2021-11-14,,,,,,,,
2021-11-15,,,7934.0,2166.0,1275.0,470.0,358.0,275.0
2021-11-16,,,7934.0,2166.0,1275.0,488.0,348.0,268.0
2021-11-17,,,,,,,,
2021-11-18,,,7935.0,2129.0,1238.0,471.0,358.0,276.0
2021-11-19,,,7913.0,2122.0,1231.0,477.0,361.0,283.0
2021-11-20,,,,,,,,
2021-11-21,,,7914.0,2123.0,1232.0,464.0,346.0,264.0
2021-11-22,,,7914.0,2123.0,1232.0,454.0,349.0,261.0
2021-11-23,,,7914.0,2123.0,1232.0,435.0,332.0,248.0
2021-11-24,,,7914.0,2123.0,1232.0,431.0,324.0,239.0
2021-11-25,,,7864.0,2123.0,1230.0,447.0,306.0,228.0
2021-11-26,,,,,,,,
2021-11-27,,,,,,,,
2021-11-28,,,,,,,,
2021-11-29,,,7618.0,2021.0,1171.0,416.0,263.0,181.0
2021-11-30,,,,,,,,
2021-12-01,,,6869.0,2004.0,1164.0,392.0,272.0,185.0
2021-12-02,,,6873.0,2004.0,1165.0,386.0,265.0,172.0
2021-12-03,,,,,,,,
2021-12-04,,,6837.0,2001.0,1162.0,382.0,256.0,168.0
2021-12-05,,,6836.0,2001.0,1162.0,401.0,246.0,163.0
2021-12-06,,,6810.0,1991.0,1159.0,391.0,243.0,159.0
2021-12-07,,,,,,,,
2021-12-08,,,,,,,,
2021-12-09,,,6808.0,1991.0,1159.0,389.0,247.0,160.0
2021-12-10,,,6807.0,1991.0,1159.0,394.0,238.0,153.0
2021-12-11,,,6805.0,1991.0,1159.0,371.0,239.0,153.0
2021-12-12,,,6807.0,1991.0,1159.0,368.0,242.0,157.0
2021-12-13,,,6807.0,1990.0,1158.0,351.0,252.0,161.0
2021-12-14,,,6792.0,1985.0,1156.0,363.0,254.0,164.0
2021-12-15,,,6792.0,1985.0,1156.0,384.0,254.0,169.0
2021-12-16,,,6792.0,1985.0,1156.0,366.0,249.0,162.0
2021-12-17,,,6792.0,1984.0,1155.0,365.0,244.0,158.0
2021-12-18,,,6791.0,1985.0,1156.0,381.0,241.0,155.0
2021-12-19,,,6791.0,1985.0,1156.0,369.0,240.0,155.0
2021-12-20,,,6791.0,1987.0,1158.0,379.0,242.0,154.0
2021-12-21,,,,,,,,
2021-12-22,767658,13291717,6791,1987,1158,360,253,167,15300,949,2159,825,1187,147
2021-12-23,768148,13331140,6793,1987,1158,361,247,162,15303,983,2419,989,1282,148
2021-12-24,768750,13371612,6793,1986,1157,383,254,166,15299,1086,2813,1149,1519,145
2021-12-25,769433,13414039,6792,1986,1157,411,258,165,15299,1176,3227,1309,1774,144
2021-12-26,770190,13448858,6790,1986,1157,413,257,165,15299,1210,3703,1598,1962,143
2021-12-27,771112,13492241,6790,1986,1157,430,263,160,15278,1337,4295,1839,2319,137
2021-12-28,771921,13524610,6790,1986,1157,491,305,186,15278,1489,4765,2013,2620,132
2021-12-30,775808,13622790,6676,1965,1148,639,346,224,14887,1960,8060,3551,4352,157
2021-12-31,779479,13670262,9657,2472,1284,751,347,222,30565,2371,11360,4941,6248,171
2022-01-01,785110,13718240,10935,2618,1286,903,388,248,32064,2961,16441,3904,12330,207
2022-01-02,791457,13765650,10523,2720,1360,877,392,253,31933,3324,22334,2002,20099,233
2022-01-03,799520,13814933,11206,2736,1367,1110,453,282,32781,4043,29819,3046,26538,235
2022-01-04,807602,13864594,11998,2577,1368,1374,507,320,34857,4921,37274,3463,33542,269
2022-01-05,818462,13924608,11782,2583,1368,1635,543,336,35487,5695,47476,4928,42251,297
2022-01-06,833628,13992095,11912,2636,1407,1983,671,421,35594,6732,61923,7731,53875,317
2022-01-07,853809,14064537,11950,2638,1406,2385,707,430,35645,7516,79260,11481,67371,408
2022-01-08,874780,14135556,10624,2485,1424,2835,758,466,33803,8308,91731,14266,77055,410
2022-01-09,895098,14203805,11326,2593,1468,3035,814,484,34960,8469,106037,18645,86951,441
2022-01-10,914572,14263047,11312,2694,1526,3129,837,504,35266,8502,117437,20666,96300,471
2022-01-11,928220,14325144,10707,2728,1541,2795,876,526,36573,8727,103862,17175,86206,481
2022-01-12,939867,14392483,11123,2965,1543,2746,898,543,36811,8537,100523,16596,83434,493
2022-01-13,956287,14455514,11854,3053,1547,2806,897,538,36979,7969,102282,15855,85918,509
2022-01-14,969989,14510438,12296,3158,1564,2824,964,570,38088,7734,95123,14719,79905,499
2022-01-15,981306,14564996,12280,3166,1567,2650,987,594,38117,7191,84352,13302,70517,533
2022-01-16,991967,14622530,12282,3168,1569,2584,1016,608,38127,6789,73518,11171,61753,594
2022-01-17,999862,14670104,12282,3176,1573,2493,1027,617,38140,6660,60371,9050,50713,608
2022-01-18,1005818,14717804,12304,3129,1524,2376,1052,627,38116,6131,50757,8008,42132,617
2022-01-19,1011967,14778095,12297,3118,1512,2244,1011,590,38109,5723,44084,6428,37029,627
2022-01-20,1017999,14831298,12297,3114,1512,2196,989,584,38093,5475,31856,4507,26759,590
2022-01-21,1023707,14881330,12295,3116,1512,2041,989,588,37801,5158,22103,2952,18567,584
2022-01-22,1028715,14931225,12288,3118,1529,1905,982,589,37746,4780,14178,1680,11910,588
2022-01-23,1032283,14977218,12270,3126,1528,1798,980,592,37741,4455,17497,2207,14701,589
2022-01-24,1034833,15011519,12269,3124,1526,1717,945,573,37742,4242,19808,2578,16638,592
2022-01-25,1036690,15045946,12129,3099,1519,1564,946,589,37874,3805,21142,2809,17760,573
2022-01-26,1038505,15088261,12128,3101,1521,1398,886,536,37830,3384,22185,2956,18640,589
2022-01-27,1040363,15130831,12127,3099,1519,1299,876,535,37827,3170,22364,2823,19005,536
2022-01-28,1041747,15158551,12059,3091,1519,1204,795,507,37575,2850,18040,2359,15146,535
2022-01-29,1043059,15197516,12057,3097,1525,1104,769,484,37577,2593,14344,1932,11905,507
2022-01-30,1044470,1524382,12057,3096,1524,1018,734,465,37573,2420,12187,1106,10597,484
2022-01-31,1045630,15289441,12060,3098,1526,973,739,472,37576,2358,10797,941,9391,465
2022-02-01,1046590,15340933,11965,3098,1523,897,677,435,37482,2155,9900,818,8610,472
2022-02-02,1047393,15387006,11965,3098,1523,862,641,415,37185,2055,8888,1259,7194,435
2022-02-03,1048521,15423088,12162,3061,1507,739,606,390,37279,1849,8158,562,7181,415
2022-02-04,1049348,15467411,12162,3043,1506,694,593,375,37211,1773,7601,579,6632,390
2022-02-05,1050194,15511336,12142,3042,1505,657,548,346,37192,1628,7135,562,6198,375
2022-02-06,1050837,15549418,12103,3033,1506,641,539,348,37122,1553,6367,546,5475,346
2022-02-07,1051373,15579281,12124,3031,1504,618,506,319,37116,1458,5743,681,4714,348
2022-02-09,1052176,15651624,12070,2970,1479,575,427,257,36991,1304,4783,432,4066,285
2022-02-10,1052617,15692306,12056,2969,1478,549,421,253,36977,1221,4096,347,3492,257
2022-02-11,1053046,15726749,12045,2969,1478,542,416,250,36966,1185,3698,377,3068,253
2022-02-12,1053413,15766341,11992,2969,1478,494,400,245,36889,1099,3219,198,2771,250
2022-02-13,1053762,15806279,11990,2971,1480,471,388,236,36889,1045,2925,116,2564,245
2022-02-14,1054050,15834878,11989,2972,1481,447,388,235,36889,1012,2677,90,2351,236
2022-02-15,1054242,15860216,11956,2972,1481,458,353,222,36853,988,2513,93,2185,235
2022-02-16,1054477,15890587,11754,2911,1463,448,327,203,36436,951,2301,151,1928,222
2022-02-17,1054732,15925450,11746,2906,1463,428,294,186,36419,872,2115,96,1816,203
2022-02-19,1055193,15999983,11694,2886,1440,413,283,178,36315,830,1780,39,1562,179
2022-02-20,1055394,16028961,11693,2886,1440,406,283,177,36317,829,1632,22,1432,178
2022-02-21,1055561,16045437,11693,2877,1431,403,275,171,36308,818,1511,5,1329,177
2022-02-22,1055657,16066326,11633,2877,1431,404,262,159,36248,788,1415,5,1239,171
2022-02-24,1055960,16111944,11633,2876,1430,373,252,155,36249,744,1228,28,1043,157
2022-02-25,1056079,16133452,11531,2855,1421,376,238,143,36102,727,1088,30,903,155
2022-02-26,1056207,16153525,11480,2851,1417,384,231,138,35987,724,1014,40,831,143
2022-02-27,1056296,16171892,11422,2845,1415,359,232,140,35922,693,902,43,721,138
2022-02-28,1056399,16183906,11427,2845,1415,360,238,143,35927,702,838,53,645,140
2022-03-01,1056472,16200183,11427,2850,1420,360,234,140,35932,693,815,53,619,143
2022-03-02,1056549,16221164,11356,2839,1418,360,227,136,35828,680,757,57,560,140
2022-03-04,1056729,16257572,11351,2840,1419,327,224,130,35823,628,650,52,474,124
2022-03-05,1056807,16275524,11352,2841,1420,320,224,132,35858,619,600,62,468,70
2022-03-06,1056872,16295731,11351,2843,1422,313,226,134,35860,609,576,53,460,63
2022-03-07,1056918,16303924,11351,2841,1420,311,221,129,35856,608,519,52,410,57
2022-03-08,1056956,16316089,7734,2317,1130,281,203,125,29072,558,484,45,387,52
2022-03-09,1057016,16330160,7522,2229,1102,141,108,48,28702,303,467,46,373,48
2022-03-10,1057070,16343940,7385,2202,1083,86,91,34,28523,204,421,46,341,34
2022-03-11,1057134,16358329,7374,2201,1082,76,86,29,28509,192,405,52,324,29
2022-03-12,1057188,16373530,7382,2206,1083,75,82,29,28539,183,381,40,312,29
2022-03-13,1057219,16387441,7382,2206,1063,48,81,28,28539,153,347,38,281,28
2022-03-14,1057263,16398134,7365,2207,1062,43,57,19,28513,124,345,50,276,19
2022-03-15,[],[],7330,2185,1062,38,35,12,28468,108,[],[],[],[]
2022-03-16,1057340,16425832,7299,2176,1063,34,31,4,28387,90,324,58,262,4
2022-03-17,[],[],7340,2181,1069,31,33,6,28437,87,[],[],[],[]
2022-03-18,[],[],7282,2159,1058,27,32,7,28350,74,[],[],[],[]
2022-03-19,[],[],5923,1806,1001,10,22,6,26495,50,[],[],[],[]
2022-03-20,1057534,16492470,5923,1806,1001,10,21,6,26495,49,315,35,274,6
2022-03-21,1057561,16501753,4872,1806,1001,10,19,4,26495,38,298,38,256,4
2022-03-22,1057589,16511721,5923,1806,1001,6,15,5,26495,32,299,40,254,5
2022-03-24,1057661,16539131,5893,1758,966,4,15,3,26402,27,277,36,238,3
2022-03-25,1057715,16550970,5797,1738,960,4,13,1,26280,25,258,38,219,1
2022-03-26,1057753,16563937,5797,1733,955,6,10,3,26275,23,248,30,215,3
2022-03-27,1057786,16576281,5776,1724,946,6,9,3,26228,22,252,33,216,3
2022-03-28,1057829,16585155,5776,1724,946,4,5,0,26228,14,268,35,233,0
2022-03-29,1057879,16594488,5776,1724,946,2,4,0,26228,11,290,44,246,0
2022-03-30,1057915,16607311,5776,1724,946,2,7,0,26228,14,300,42,258,0
2022-03-31,1057953,16622455,5776,1724,946,2,8,1,26228,15,292,43,248,1
2022-04-01,1057995,16634140,5776,1724,946,2,7,0,26228,15,280,37,243,0
2022-04-02,1058027,16644340,5722,1704,940,2,8,2,26151,14,274,42,230,2
2022-04-03,1058076,16651994,5722,1704,940,2,8,2,26151,14,290,36,252,2
2022-04-04,1058111,16657391,5722,1704,940,2,11,0,26151,14,282,38,242,2
2022-04-05,1058129,16668193,5722,1704,940,1,12,0,26151,16,250,40,210,0
2022-04-06,1058185,16682848,5722,1704,940,3,15,3,26151,22,270,35,232,3
2022-04-07,1058236,16693529,5722,1704,940,5,15,3,26151,24,283,34,246,3
2022-04-08,1058277,16702981,5722,1704,940,6,15,1,26151,25,282,45,236,1
2022-04-09,1058326,16711716,5722,1704,940,5,11,0,26151,21,299,39,260,0
2022-04-10,1058381,16719889,5722,1704,940,5,11,0,26151,20,305,46,259,0
2022-04-11,1058416,16725124,5722,1704,940,4,8,0,26151,18,305,40,265,0
2022-04-12,1058442,16735202,5722,1704,940,3,4,0,26151,12,313,51,262,0
2022-04-13,1058494,16745172,5722,1704,940,3,5,0,26151,13,309,44,265,0
2022-04-14,1058567,16757163,5719,1699,938,2,7,0,26143,13,331,44,287,0
2022-04-15,1058623,16764859,5719,1699,938,1,8,1,26143,13,346,51,294,1
2022-04-16,1058667,16774343,5719,1699,938,2,9,1,26143,15,341,47,293,1
2022-04-17,1058710,16782962,5719,1699,938,0,8,0,26143,12,329,53,276,0
2022-04-18,1058765,16790021,5719,1699,938,0,8,0,26143,11,349,46,303,0
2022-04-19,1058799,16799393,5678,1690,932,0,7,0,26044,10,357,58,299,0
2022-04-20,1058884,16808907,5678,1681,932,0,7,1,26044,10,390,54,335,1
2022-04-21,1058982,16817335,5678,1690,932,0,10,1,26044,12,415,53,361,1
2022-04-22,1059073,16826035,5678,1690,932,0,8,1,26044,12,450,71,378,1
2022-04-23,1059141,16835488,5678,1690,932,0,7,1,25944,12,474,66,407,1
2022-04-24,1059213,16845984,5678,1690,932,0,10,2,26044,17,503,74,427,2
2022-04-25,1059286,16851037,5678,1690,932,0,10,2,26044,19,521,66,453,2
2022-04-26,1059331,16858277,5678,1690,932,0,10,2,26044,19,532,84,446,2
2022-04-27,1059433,16867755,5678,1690,932,0,8,3,26044,17,549,74,472,3
2022-04-28,1059545,16876617,5678,1690,932,0,5,2,26044,10,563,83,478,2
2022-04-29,1059635,16885446,5678,1690,932,0,7,3,26044,17,562,71,488,3
2022-04-30,1059728,16894762,5678,1690,932,0,7,2,26044,16,587,92,493,2
2022-05-01,1059822,16902618,5673,1690,932,0,11,0,26039,20,609,86,523,0
2022-05-02,1059914,16906861,5673,1690,932,0,8,0,26039,19,628,95,533,0
2022-05-03,1059970,16915299,5658,1675,922,0,5,2,26009,15,639,82,555,2
2022-05-04,1060070,16922334,5658,1675,922,1,4,2,26009,15,637,100,535,2
2022-05-05,1060187,16930365,5658,1675,922,0,4,2,26009,15,642,88,552,2
2022-05-06,1060317,16939042,5618,1665,912,0,4,2,25959,18,682,101,579,2
2022-05-07,1060434,16947774,4918,1665,912,0,3,1,25259,19,706,91,614,1
2022-05-08,1060606,16955174,4918,1665,912,0,8,2,25259,24,784,124,658,2
2022-05-09,1060729,16960984,4918,1665,912,0,8,2,25259,26,815,113,700,2
2022-05-10,1060792,16968662,4915,1665,912,0,7,1,25249,25,822,123,698,1
2022-05-11,1060914,16977858,4915,1665,912,2,5,1,25249,23,844,109,734,1
2022-05-12,1061038,16985715,4915,1665,912,2,5,1,25249,22,851,136,714,1
2022-05-13,1061177,16994716,4810,1563,850,6,4,1,24959,26,860,120,739,1
2022-05-14,1061332,17003650,4810,1563,850,4,3,0,24959,25,898,135,763,0
2022-05-15,1061463,17011472,4800,1558,850,5,3,0,24944,25,857,112,745,0
2022-05-16,1061614,17016218,4800,1558,850,1,4,0,24944,28,885,142,743,0
2022-05-17,1061688,17024941,4800,1558,850,2,4,0,24944,25,896,126,770,0
2022-05-18,1061846,17033677,4800,1558,850,2,5,0,24944,29,932,140,792,0
2022-05-19,1062040,17042256,4730,1527,847,2,7,0,24510,35,1002,131,871,0
2022-05-20,1062263,17050957,4730,1527,847,2,11,0,24510,37,1086,174,912,0
2022-05-21,1062476,17058136,4730,1527,847,6,14,0,24510,41,1144,161,983,0
2022-05-22,1062674,17066748,4730,1527,847,5,13,0,24510,43,1211,182,1029,0
2022-05-23,1062908,17071921,4710,1525,845,6,12,0,24488,43,1294,169,1125,0
2022-05-24,1063058,17079241,4710,1525,845,6,12,0,24488,48,1370,220,1150,0
2022-05-25,1063276,17088341,4709,1525,845,4,18,1,24487,63,1430,200,1229,1
2022-05-26,1063571,17097300,4709,1525,845,1,16,1,24487,64,1531,229,1301,1
2022-05-27,1063921,17107275,4708,1526,846,0,16,2,24487,68,1658,214,1442,2
2022-05-28,1064273,17115857,4698,1521,846,0,15,2,24472,68,1797,286,1509,2
2022-05-29,1064603,17123438,4698,1521,846,6,24,2,24472,89,1929,269,1658,2
2022-05-30,1064978,17128545,4699,1520,845,4,27,3,24472,99,2070,308,1759,3
2022-05-31,1065296,17136684,4699,1520,845,6,23,3,24472,91,2238,288,1947,3
2022-06-01,1065802,17145476,4700,1520,845,11,24,3,24473,104,2526,301,2222,3
2022-06-02,1066541,17155020,4700,1520,845,11,24,3,24473,116,2970,324,2643,3
2022-06-03,1067245,17164916,4700,1520,845,13,30,3,24473,139,3324,430,2891,3
2022-06-04,1068008,17175173,4699,1519,844,14,35,2,24471,158,3735,447,3286,2
2022-06-05,1068897,17183951,4768,1544,857,14,34,4,24579,185,4294,469,3821,4
2022-06-06,1069858,17190848,4818,1531,856,14,45,3,24601,223,4880,485,4392,3
2022-06-07,1070534,17207993,4818,1530,855,19,53,3,24600,259,5238,574,4661,3
2022-06-09,1073541,17244826,4823,1530,854,38,63,5,24603,326,7000,765,6230,5
2022-06-10,1075243,17260172,4794,1561,853,33,65,7,24943,373,7998,1113,6878,7
2022-06-11,1077199,17274399,4792,1561,853,34,66,5,24941,394,9191,1466,7720,5
2022-06-12,1078944,17290321,4748,1524,818,19,71,6,24867,428,10047,1803,8238,6
2022-06-13,1080747,17299943,4748,1527,818,33,64,8,24877,481,10889,2061,8820,8
2022-06-14,1081865,17311008,4751,1523,814,33,58,10,24861,431,11331,2257,9064,10
2022-06-15,1083589,17328147,4750,1522,816,60,108,12,24861,520,11813,2469,9332,12
2022-06-16,1085882,17343803,4750,1522,816,57,104,10,24859,543,12341,2706,9625,10
2022-06-17,1088248,17358446,4739,1508,809,76,115,14,24818,575,13005,2978,10013,14
2022-06-18,1090503,17372791,4739,1508,809,71,97,17,24823,592,13304,3176,10111,17
2022-06-19,1092557,17387817,4740,1509,810,91,131,14,24825,657,13613,3117,10482,14
2022-06-20,1094644,17397766,4677,1510,815,83,129,16,24825,671,13897,3320,10561,16
2022-06-21,1095954,17408312,4673,1502,811,83,125,16,24751,630,14089,3225,10848,16
2022-06-22,1097735,17416443,4701,1501,810,85,144,21,24765,673,14146,3375,10750,21
2022-06-23,1099383,17436851,4701,1502,810,63,148,22,24765,661,13501,3354,10125,22
2022-06-24,1101862,17451795,4701,1497,807,77,158,18,24772,672,13614,3250,10346,18
2022-06-25,1103760,17459528,4696,1503,809,84,165,23,24768,673,13257,3424,9810,23
2022-06-26,1104600,17479731,4696,1498,809,64,153,25,24769,673,12043,2986,9032,25
2022-06-27,1107371,17488585,4696,1503,809,84,165,21,24768,670,12727,2907,9799,21
2022-06-28,1108433,17499597,4690,1505,812,70,121,24,24772,620,12479,3096,9359,24
2022-06-29,1109723,17513726,4692,1504,814,58,129,22,24773,684,11988,3095,8871,22
2022-06-30,1111227,17526444,4705,1502,812,63,125,23,24788,651,11844,2820,9001,23
2022-07-01,1112492,17538896,4708,1503,813,66,120,24,24787,596,10630,2421,8185,24
2022-07-04,1115042,17569917,4718,1521,830,49,93,22,24831,449,7671,1820,5829,22
2022-07-05,1115473,17578193,4706,1519,828,48,94,16,24814,429,7040,1604,5420,16
2022-07-06,1116132,17589096,4708,1520,829,53,121,21,24817,469,6409,1582,4806,21
2022-07-07,1116827,17599025,4714,1520,829,47,116,25,24823,417,5600,1431,4144,25
2022-07-08,1117367,17609118,4714,1520,829,52,98,24,24823,400,4875,1146,3705,24
2022-07-09,1117897,17619549,4714,1520,829,44,92,23,24823,368,4427,996,3408,23
2022-07-10,1118396,17629966,4722,1519,828,49,94,19,24830,359,4115,1010,3086,19
2022-07-11,1118795,17636515,4722,1519,828,42,82,20,24830,325,3753,956,2777,20
2022-07-12,1119030,17644443,4720,1520,829,30,85,17,24829,319,3557,837,2703,17
2022-07-13,1119450,17655861,4721,1520,829,44,80,17,24830,308,3318,747,2554,17
2022-07-14,1119833,17667101,4723,1522,831,34,89,17,24834,298,3006,735,2254,17
2022-07-15,1120172,17678543,4723,1522,831,35,73,15,24834,270,2805,715,2075,15
2022-07-16,1120537,17687994,4725,1522,831,31,76,15,24836,275,2640,619,2006,15
2022-07-17,1120819,17698650,4725,1522,831,38,63,8,24836,260,2423,550,1865,8
2022-07-18,1121095,17705536,4719,1521,830,26,72,15,24829,258,2300,560,1725,15
2022-07-19,1121262,17712723,4721,1523,832,31,66,17,24833,222,2232,564,1651,17
2022-07-20,1121546,17723576,4721,1523,832,40,79,17,24833,261,2096,487,1592,17
2022-07-21,1121836,17733634,4643,1496,826,27,80,17,24727,244,2003,444,1542,17
2022-07-22,1122109,17744448,4643,1494,824,28,80,14,24725,222,1937,471,1452,14
2022-07-23,1122408,17754854,4647,1495,825,22,68,15,24730,200,1871,472,1384,15
2022-07-24,1122674,17764239,4647,1495,825,24,63,15,24730,201,1855,431,1409,15
2022-07-25,1122912,17772597,4647,1496,826,23,68,16,24731,212,1817,402,1399,16
2022-07-26,1123088,17780198,4648,1495,825,22,48,11,24731,192,1826,446,1369,11
2022-07-27,1123351,17790124,4649,1495,825,18,69,12,24732,201,1805,458,1335,12
2022-07-28,1123634,17798899,4649,1495,825,14,72,12,24732,198,1798,420,1366,12
2022-07-29,1123915,17808101,4603,1495,825,15,55,10,24686,178,1806,406,1390,10
2022-07-30,1124205,17816162,4604,1495,825,14,61,11,24687,178,1797,439,1347,11
2022-07-31,1124491,17829595,4605,1495,825,13,67,15,24688,195,1817,458,1344,15
2022-08-01,1124813,17836284,4604,1494,824,18,78,11,24686,207,1901,446,1444,11
2022-08-02,1124977,17842069,4606,1495,825,15,90,13,24689,207,1889,422,1454,13
2022-08-03,1125306,17852794,4476,1477,817,15,84,16,24539,220,1955,473,1466,16
2022-08-04,1125740,17862485,3579,1371,752,12,75,14,22212,217,2106,534,1558,14
2022-08-05,1126150,17873028,3579,1371,752,15,68,11,22212,215,2235,526,1698,11
2022-08-06,1126596,17882569,3555,1367,748,13,62,11,22156,232,2391,539,1841,11
2022-08-07,1127082,17890830,3555,1367,748,15,67,14,22156,240,2591,634,1943,14
2022-08-08,1127547,17897559,3553,1368,749,13,67,14,22155,260,2734,697,2023,14
2022-08-09,1127954,17904139,3551,1367,748,10,62,10,22152,267,2977,705,2262,10
2022-08-10,1128433,17913809,3544,1365,746,11,66,15,22141,268,3127,705,2407,15
2022-08-11,1128433,17922056,3542,1362,743,11,77,14,22136,277,3127,705,2407,15
2022-08-12,1129968,17931269,3546,1358,739,23,83,13,22136,317,3818,942,2863,13
2022-08-13,1130839,17941242,3548,1358,739,24,83,14,22138,319,4243,1090,3139,14
2022-08-14,1131706,17950187,3548,1360,741,23,100,15,22145,312,4624,1095,3514,15
2022-08-15,1132588,17957445,3548,1360,741,21,87,16,22145,319,5041,1144,3881,16
2022-08-16,1133172,17960944,3544,1358,739,19,96,14,22139,409,5218,1291,3913,14
2022-08-17,1133504,17969117,3527,1360,741,18,91,19,22119,418,5071,1300,3752,19
2022-08-18,1134479,17980370,3525,1359,740,17,126,21,22116,482,5194,1226,3947,21
2022-08-19,1135680,17993838,3523,1359,740,18,140,17,22114,509,5712,1297,4398,17
2022-08-20,1136691,18002350,3526,1354,737,23,138,23,22114,536,5852,1440,4389,23
2022-08-21,1137531,18010697,3531,1354,735,27,141,23,22117,535,5825,1492,4310,23
2022-08-22,1138349,18016941,3525,1355,736,26,140,13,22112,508,5761,1370,4378,13
2022-08-23,1138941,18025713,3522,1356,737,29,153,20,22110,551,5769,1307,4442,20
2022-08-24,1139773,18036433,3522,1356,737,31,145,26,22110,540,6269,1542,4701,26
2022-08-25,1140566,18048384,3522,1356,737,39,141,20,22110,518,6087,1563,4504,20
2022-08-26,1141404,18057956,3528,1359,740,15,126,17,22120,481,5724,1357,4350,17
2022-08-27,1142083,18066252,3528,1361,740,21,117,20,22125,459,5392,1221,4151,20
2022-08-28,1142708,18075887,3517,1355,739,15,107,15,22104,447,5177,1280,3882,15
2022-08-29,1143318,18082587,3496,1355,739,14,92,13,22083,425,4969,1279,3677,13
2022-08-30,1143669,18089655,3495,1353,737,15,100,15,22080,415,4728,1120,3593,15
2022-08-31,1144185,18098389,3497,1352,736,17,100,17,22081,396,4412,998,3397,17
2022-09-01,1144823,18104369,3489,1351,737,22,99,10,22072,367,4257,1055,3192,10
2022-09-02,1145095,18110203,3493,1348,734,30,101,12,22073,373,3691,948,2731,12
2022-09-03,1145497,18118712,3491,1351,737,26,96,9,22074,339,3414,813,2594,7
2022-09-04,1145891,18124510,3492,1351,737,22,88,11,22075,318,3183,722,2450,11
2022-09-05,1146267,18129862,3493,1350,736,23,87,15,22075,305,2949,723,2211,15
2022-09-06,1146440,18134908,3494,1347,733,19,90,17,22073,278,2771,704,2050,17
2022-09-07,1146725,18142983,3497,1348,734,19,91,15,22077,268,2540,595,1930,15
2022-09-08,1147041,18151897,3495,1350,736,13,76,18,22077,225,2218,493,1707,18
2022-09-09,1147331,18162704,3495,1349,735,14,68,14,22076,211,2236,545,1677,14
2022-09-10,1147582,18170534,2853,1096,644,13,82,14,19387,225,2085,529,1542,14
2022-09-11,1147791,18175335,2854,1095,643,12,77,15,19387,216,1900,441,1444,15
2022-09-13,1148106,18188232,2296,924,583,12,69,15,18523,244,1666,402,1249,15
2022-09-14,1148299,18197513,2294,913,572,12,75,13,18510,193,1574,193,1368,13
2022-09-16,1148640,18214897,2295,914,573,15,52,11,18512,152,1309,152,1146,11
2022-09-17,1148799,18222923,2295,915,574,14,49,11,18513,146,1217,146,1060,11
2022-09-18,1148945,18230558,2295,915,574,14,45,8,18513,141,1154,140,1006,8
2022-09-19,1149049,18234587,2295,915,574,10,44,5,18513,133,1071,132,934,5
2022-09-20,1149115,18239775,2296,914,573,12,40,5,18513,125,1009,123,881,5
2022-09-21,1149235,18247418,2297,914,573,15,45,6,18514,143,936,144,786,6
2022-09-22,1149347,18254684,2297,914,573,14,39,4,18514,127,845,127,714,4
2022-09-23,1149445,18262566,2337,936,565,7,40,4,18516,118,805,117,684,4
2022-09-24,1149551,18270183,2339,936,565,8,39,4,18518,119,752,117,631,4
2022-09-25,1149673,18276913,2339,936,565,5,38,7,18518,109,728,108,613,7
2022-09-26,1149781,18280761,2337,936,565,7,38,7,18516,108,732,107,618,7
2022-09-27,1149832,18286122,2337,936,565,3,37,6,18516,97,717,97,614,6
2022-09-28,1149917,18295018,2338,937,566,4,34,3,18518,96,682,96,583,3
2022-09-30,1150133,18309406,2338,936,565,7,24,5,18517,81,688,81,602,5
2022-10-01,1150248,18315533,2337,937,566,3,23,6,18517,77,697,77,614,6
2022-10-02,1150378,18322248,2338,937,566,3,23,2,18518,77,705,77,626,2
2022-10-03,1150480,18325610,2338,937,566,4,18,2,18518,79,699,79,618,2
2022-10-04,1150546,18329997,2339,937,566,3,21,3,18519,74,714,74,637,3
2022-10-05,1150701,18336710,2304,932,564,4,24,3,18479,76,784,76,705,3
2022-10-06,1150828,18340080,2304,932,564,8,22,3,18479,75,795,75,717,3
2022-10-07,1150908,18345257,2304,933,565,7,21,2,18480,65,775,65,708,2
2022-10-09,1151170,18357526,2302,930,562,4,24,4,18475,63,792,63,725,4
2022-10-10,1151342,18361535,2302,930,562,2,22,5,18475,60,862,60,797,5
2022-10-11,1151453,18365681,2301,929,561,4,23,5,18473,65,907,65,837,5
2022-10-12,1151582,18371177,2301,929,561,7,29,3,18473,73,881,73,805,3
